device_id,event_time,value
device_0,2026-04-22T06:37:55.275407,58.35
device_0,2026-04-22T06:36:55.275407,58.15
device_0,2026-04-22T06:35:55.275407,56.07
device_0,2026-04-22T06:34:55.275407,55.55
device_0,2026-04-22T06:33:55.275407,57.01
device_0,2026-04-22T06:32:55.275407,56.5
device_0,2026-04-22T06:31:55.275407,55.19
device_0,2026-04-22T06:30:55.275407,54.39
device_0,2026-04-22T06:29:55.275407,51.36
device_0,2026-04-22T06:28:55.275407,58.1
device_0,2026-04-22T06:27:55.275407,49.83
device_0,2026-04-22T06:26:55.275407,50.83
device_0,2026-04-22T06:25:55.275407,52.33
device_0,2026-04-22T06:24:55.275407,54.43
device_0,2026-04-22T06:23:55.275407,59.05
device_0,2026-04-22T06:22:55.275407,54.03
device_0,2026-04-22T06:21:55.275407,58.82
device_0,2026-04-22T06:20:55.275407,58.52
device_0,2026-04-22T06:19:55.275407,58.75
device_0,2026-04-22T06:18:55.275407,53.14
device_0,2026-04-22T06:17:55.275407,63.25
device_0,2026-04-22T06:16:55.275407,47.07
device_0,2026-04-22T06:15:55.275407,54.68
device_0,2026-04-22T06:14:55.275407,50.95
device_0,2026-04-22T06:13:55.275407,52.48
device_0,2026-04-22T06:12:55.275407,56.86
device_0,2026-04-22T06:11:55.275407,46.41
device_0,2026-04-22T06:10:55.275407,58.55
device_0,2026-04-22T06:09:55.275407,59.95
device_0,2026-04-22T06:08:55.275407,48.28
device_0,2026-04-22T06:07:55.275407,47.83
device_0,2026-04-22T06:06:55.275407,57.51
device_0,2026-04-22T06:05:55.275407,54.9
device_0,2026-04-22T06:04:55.275407,49.71
device_0,2026-04-22T06:03:55.275407,48.01
device_0,2026-04-22T06:02:55.275407,53.63
device_0,2026-04-22T06:01:55.275407,45.55
device_0,2026-04-22T06:00:55.275407,57.22
device_0,2026-04-22T05:59:55.275407,54.87
device_0,2026-04-22T05:58:55.275407,55.85
device_0,2026-04-22T05:57:55.275407,53.59
device_0,2026-04-22T05:56:55.275407,51.35
device_0,2026-04-22T05:55:55.275407,54.04
device_0,2026-04-22T05:54:55.275407,60.41
device_0,2026-04-22T05:53:55.275407,54.42
device_0,2026-04-22T05:52:55.275407,58.67
device_0,2026-04-22T05:51:55.275407,61.84
device_0,2026-04-22T05:50:55.275407,55.47
device_0,2026-04-22T05:49:55.275407,59.23
device_0,2026-04-22T05:48:55.275407,59.36
device_1,2026-04-22T06:37:55.275407,52.31
device_1,2026-04-22T06:36:55.275407,61.22
device_1,2026-04-22T06:35:55.275407,47.27
device_1,2026-04-22T06:34:55.275407,61.02
device_1,2026-04-22T06:33:55.275407,53.13
device_1,2026-04-22T06:32:55.275407,55.24
device_1,2026-04-22T06:31:55.275407,49.1
device_1,2026-04-22T06:30:55.275407,57.08
device_1,2026-04-22T06:29:55.275407,55.59
device_1,2026-04-22T06:28:55.275407,53.08
device_1,2026-04-22T06:27:55.275407,51.09
device_1,2026-04-22T06:26:55.275407,58.12
device_1,2026-04-22T06:25:55.275407,54.1
device_1,2026-04-22T06:24:55.275407,59.87
device_1,2026-04-22T06:23:55.275407,48.06
device_1,2026-04-22T06:22:55.275407,57.16
device_1,2026-04-22T06:21:55.275407,56.12
device_1,2026-04-22T06:20:55.275407,59.8
device_1,2026-04-22T06:19:55.275407,61.18
device_1,2026-04-22T06:18:55.275407,53.1
device_1,2026-04-22T06:17:55.275407,51.24
device_1,2026-04-22T06:16:55.275407,55.65
device_1,2026-04-22T06:15:55.275407,55.7
device_1,2026-04-22T06:14:55.275407,56.41
device_1,2026-04-22T06:13:55.275407,58.74
device_1,2026-04-22T06:12:55.275407,50.47
device_1,2026-04-22T06:11:55.275407,52.38
device_1,2026-04-22T06:10:55.275407,53.23
device_1,2026-04-22T06:09:55.275407,53.36
device_1,2026-04-22T06:08:55.275407,57.26
device_1,2026-04-22T06:07:55.275407,56.91
device_1,2026-04-22T06:06:55.275407,51.9
device_1,2026-04-22T06:05:55.275407,48.23
device_1,2026-04-22T06:04:55.275407,51.04
device_1,2026-04-22T06:03:55.275407,57.62
device_1,2026-04-22T06:02:55.275407,55.2
device_1,2026-04-22T06:01:55.275407,63.48
device_1,2026-04-22T06:00:55.275407,54.87
device_1,2026-04-22T05:59:55.275407,58.56
device_1,2026-04-22T05:58:55.275407,53.01
device_1,2026-04-22T05:57:55.275407,55.4
device_1,2026-04-22T05:56:55.275407,59.95
device_1,2026-04-22T05:55:55.275407,53.3
device_1,2026-04-22T05:54:55.275407,55.9
device_1,2026-04-22T05:53:55.275407,53.76
device_1,2026-04-22T05:52:55.275407,60.52
device_1,2026-04-22T05:51:55.275407,49.74
device_1,2026-04-22T05:50:55.275407,62.77
device_1,2026-04-22T05:49:55.275407,55.46
device_1,2026-04-22T05:48:55.275407,56.37
device_2,2026-04-22T06:37:55.275407,55.18
device_2,2026-04-22T06:36:55.275407,52.61
device_2,2026-04-22T06:35:55.275407,49.33
device_2,2026-04-22T06:34:55.275407,53.41
device_2,2026-04-22T06:33:55.275407,58.64
device_2,2026-04-22T06:32:55.275407,51.82
device_2,2026-04-22T06:31:55.275407,46.47
device_2,2026-04-22T06:30:55.275407,51.72
device_2,2026-04-22T06:29:55.275407,52.05
device_2,2026-04-22T06:28:55.275407,47.95
device_2,2026-04-22T06:27:55.275407,59.75
device_2,2026-04-22T06:26:55.275407,52.71
device_2,2026-04-22T06:25:55.275407,51.69
device_2,2026-04-22T06:24:55.275407,52.77
device_2,2026-04-22T06:23:55.275407,46.93
device_2,2026-04-22T06:22:55.275407,49.0
device_2,2026-04-22T06:21:55.275407,61.11
device_2,2026-04-22T06:20:55.275407,55.97
device_2,2026-04-22T06:19:55.275407,62.91
device_2,2026-04-22T06:18:55.275407,55.43
device_2,2026-04-22T06:17:55.275407,56.44
device_2,2026-04-22T06:16:55.275407,59.46
device_2,2026-04-22T06:15:55.275407,57.51
device_2,2026-04-22T06:14:55.275407,62.32
device_2,2026-04-22T06:13:55.275407,53.26
device_2,2026-04-22T06:12:55.275407,49.69
device_2,2026-04-22T06:11:55.275407,49.21
device_2,2026-04-22T06:10:55.275407,51.06
device_2,2026-04-22T06:09:55.275407,56.2
device_2,2026-04-22T06:08:55.275407,54.93
device_2,2026-04-22T06:07:55.275407,56.74
device_2,2026-04-22T06:06:55.275407,57.21
device_2,2026-04-22T06:05:55.275407,54.87
device_2,2026-04-22T06:04:55.275407,52.45
device_2,2026-04-22T06:03:55.275407,59.27
device_2,2026-04-22T06:02:55.275407,55.82
device_2,2026-04-22T06:01:55.275407,58.11
device_2,2026-04-22T06:00:55.275407,59.7
device_2,2026-04-22T05:59:55.275407,49.6
device_2,2026-04-22T05:58:55.275407,48.25
device_2,2026-04-22T05:57:55.275407,55.09
device_2,2026-04-22T05:56:55.275407,56.31
device_2,2026-04-22T05:55:55.275407,51.56
device_2,2026-04-22T05:54:55.275407,56.96
device_2,2026-04-22T05:53:55.275407,55.67
device_2,2026-04-22T05:52:55.275407,57.22
device_2,2026-04-22T05:51:55.275407,61.53
device_2,2026-04-22T05:50:55.275407,55.71
device_2,2026-04-22T05:49:55.275407,57.82
device_2,2026-04-22T05:48:55.275407,58.04
device_3,2026-04-22T06:37:55.275407,57.27
device_3,2026-04-22T06:36:55.275407,57.2
device_3,2026-04-22T06:35:55.275407,60.74
device_3,2026-04-22T06:34:55.275407,60.57
device_3,2026-04-22T06:33:55.275407,58.91
device_3,2026-04-22T06:32:55.275407,59.1
device_3,2026-04-22T06:31:55.275407,60.83
device_3,2026-04-22T06:30:55.275407,59.48
device_3,2026-04-22T06:29:55.275407,54.95
device_3,2026-04-22T06:28:55.275407,56.27
device_3,2026-04-22T06:27:55.275407,50.57
device_3,2026-04-22T06:26:55.275407,54.12
device_3,2026-04-22T06:25:55.275407,55.81
device_3,2026-04-22T06:24:55.275407,59.64
device_3,2026-04-22T06:23:55.275407,59.73
device_3,2026-04-22T06:22:55.275407,51.75
device_3,2026-04-22T06:21:55.275407,53.12
device_3,2026-04-22T06:20:55.275407,53.63
device_3,2026-04-22T06:19:55.275407,54.77
device_3,2026-04-22T06:18:55.275407,60.37
device_3,2026-04-22T06:17:55.275407,49.13
device_3,2026-04-22T06:16:55.275407,58.19
device_3,2026-04-22T06:15:55.275407,56.46
device_3,2026-04-22T06:14:55.275407,54.47
device_3,2026-04-22T06:13:55.275407,54.28
device_3,2026-04-22T06:12:55.275407,51.86
device_3,2026-04-22T06:11:55.275407,58.97
device_3,2026-04-22T06:10:55.275407,60.03
device_3,2026-04-22T06:09:55.275407,59.48
device_3,2026-04-22T06:08:55.275407,49.08
device_3,2026-04-22T06:07:55.275407,60.63
device_3,2026-04-22T06:06:55.275407,56.01
device_3,2026-04-22T06:05:55.275407,55.26
device_3,2026-04-22T06:04:55.275407,50.52
device_3,2026-04-22T06:03:55.275407,52.86
device_3,2026-04-22T06:02:55.275407,49.19
device_3,2026-04-22T06:01:55.275407,56.86
device_3,2026-04-22T06:00:55.275407,59.95
device_3,2026-04-22T05:59:55.275407,54.34
device_3,2026-04-22T05:58:55.275407,57.14
device_3,2026-04-22T05:57:55.275407,47.61
device_3,2026-04-22T05:56:55.275407,61.67
device_3,2026-04-22T05:55:55.275407,55.08
device_3,2026-04-22T05:54:55.275407,54.76
device_3,2026-04-22T05:53:55.275407,49.41
device_3,2026-04-22T05:52:55.275407,52.87
device_3,2026-04-22T05:51:55.275407,55.71
device_3,2026-04-22T05:50:55.275407,55.56
device_3,2026-04-22T05:49:55.275407,62.68
device_3,2026-04-22T05:48:55.275407,47.66
device_4,2026-04-22T06:37:55.275407,51.05
device_4,2026-04-22T06:36:55.275407,52.65
device_4,2026-04-22T06:35:55.275407,48.33
device_4,2026-04-22T06:34:55.275407,48.26
device_4,2026-04-22T06:33:55.275407,60.25
device_4,2026-04-22T06:32:55.275407,57.06
device_4,2026-04-22T06:31:55.275407,49.08
device_4,2026-04-22T06:30:55.275407,58.47
device_4,2026-04-22T06:29:55.275407,54.97
device_4,2026-04-22T06:28:55.275407,55.09
device_4,2026-04-22T06:27:55.275407,51.07
device_4,2026-04-22T06:26:55.275407,58.34
device_4,2026-04-22T06:25:55.275407,49.69
device_4,2026-04-22T06:24:55.275407,55.3
device_4,2026-04-22T06:23:55.275407,53.59
device_4,2026-04-22T06:22:55.275407,56.43
device_4,2026-04-22T06:21:55.275407,60.1
device_4,2026-04-22T06:20:55.275407,52.26
device_4,2026-04-22T06:19:55.275407,50.8
device_4,2026-04-22T06:18:55.275407,53.41
device_4,2026-04-22T06:17:55.275407,51.2
device_4,2026-04-22T06:16:55.275407,50.34
device_4,2026-04-22T06:15:55.275407,54.07
device_4,2026-04-22T06:14:55.275407,52.76
device_4,2026-04-22T06:13:55.275407,50.33
device_4,2026-04-22T06:12:55.275407,54.64
device_4,2026-04-22T06:11:55.275407,58.93
device_4,2026-04-22T06:10:55.275407,47.25
device_4,2026-04-22T06:09:55.275407,56.98
device_4,2026-04-22T06:08:55.275407,57.79
device_4,2026-04-22T06:07:55.275407,52.76
device_4,2026-04-22T06:06:55.275407,57.46
device_4,2026-04-22T06:05:55.275407,58.98
device_4,2026-04-22T06:04:55.275407,55.02
device_4,2026-04-22T06:03:55.275407,59.94
device_4,2026-04-22T06:02:55.275407,56.42
device_4,2026-04-22T06:01:55.275407,50.19
device_4,2026-04-22T06:00:55.275407,56.45
device_4,2026-04-22T05:59:55.275407,48.98
device_4,2026-04-22T05:58:55.275407,52.33
device_4,2026-04-22T05:57:55.275407,55.95
device_4,2026-04-22T05:56:55.275407,50.99
device_4,2026-04-22T05:55:55.275407,50.17
device_4,2026-04-22T05:54:55.275407,55.68
device_4,2026-04-22T05:53:55.275407,56.97
device_4,2026-04-22T05:52:55.275407,53.79
device_4,2026-04-22T05:51:55.275407,47.35
device_4,2026-04-22T05:50:55.275407,54.61
device_4,2026-04-22T05:49:55.275407,55.11
device_4,2026-04-22T05:48:55.275407,55.6
device_5,2026-04-22T06:37:55.275407,50.64
device_5,2026-04-22T06:36:55.275407,56.73
device_5,2026-04-22T06:35:55.275407,60.48
device_5,2026-04-22T06:34:55.275407,51.81
device_5,2026-04-22T06:33:55.275407,49.09
device_5,2026-04-22T06:32:55.275407,56.98
device_5,2026-04-22T06:31:55.275407,58.91
device_5,2026-04-22T06:30:55.275407,56.92
device_5,2026-04-22T06:29:55.275407,59.16
device_5,2026-04-22T06:28:55.275407,59.08
device_5,2026-04-22T06:27:55.275407,58.32
device_5,2026-04-22T06:26:55.275407,56.41
device_5,2026-04-22T06:25:55.275407,54.82
device_5,2026-04-22T06:24:55.275407,50.4
device_5,2026-04-22T06:23:55.275407,51.11
device_5,2026-04-22T06:22:55.275407,63.51
device_5,2026-04-22T06:21:55.275407,61.29
device_5,2026-04-22T06:20:55.275407,57.62
device_5,2026-04-22T06:19:55.275407,54.58
device_5,2026-04-22T06:18:55.275407,51.3
device_5,2026-04-22T06:17:55.275407,63.26
device_5,2026-04-22T06:16:55.275407,55.34
device_5,2026-04-22T06:15:55.275407,57.45
device_5,2026-04-22T06:14:55.275407,56.26
device_5,2026-04-22T06:13:55.275407,51.42
device_5,2026-04-22T06:12:55.275407,52.78
device_5,2026-04-22T06:11:55.275407,56.15
device_5,2026-04-22T06:10:55.275407,49.12
device_5,2026-04-22T06:09:55.275407,45.53
device_5,2026-04-22T06:08:55.275407,59.29
device_5,2026-04-22T06:07:55.275407,52.08
device_5,2026-04-22T06:06:55.275407,48.51
device_5,2026-04-22T06:05:55.275407,52.68
device_5,2026-04-22T06:04:55.275407,51.58
device_5,2026-04-22T06:03:55.275407,47.57
device_5,2026-04-22T06:02:55.275407,53.63
device_5,2026-04-22T06:01:55.275407,50.05
device_5,2026-04-22T06:00:55.275407,55.64
device_5,2026-04-22T05:59:55.275407,56.1
device_5,2026-04-22T05:58:55.275407,57.08
device_5,2026-04-22T05:57:55.275407,61.8
device_5,2026-04-22T05:56:55.275407,61.56
device_5,2026-04-22T05:55:55.275407,51.3
device_5,2026-04-22T05:54:55.275407,59.82
device_5,2026-04-22T05:53:55.275407,54.7
device_5,2026-04-22T05:52:55.275407,53.76
device_5,2026-04-22T05:51:55.275407,53.59
device_5,2026-04-22T05:50:55.275407,51.71
device_5,2026-04-22T05:49:55.275407,53.59
device_5,2026-04-22T05:48:55.275407,62.81
device_6,2026-04-22T06:37:55.275407,57.13
device_6,2026-04-22T06:36:55.275407,59.98
device_6,2026-04-22T06:35:55.275407,52.81
device_6,2026-04-22T06:34:55.275407,48.77
device_6,2026-04-22T06:33:55.275407,52.76
device_6,2026-04-22T06:32:55.275407,51.54
device_6,2026-04-22T06:31:55.275407,57.68
device_6,2026-04-22T06:30:55.275407,54.82
device_6,2026-04-22T06:29:55.275407,51.91
device_6,2026-04-22T06:28:55.275407,51.81
device_6,2026-04-22T06:27:55.275407,51.44
device_6,2026-04-22T06:26:55.275407,56.18
device_6,2026-04-22T06:25:55.275407,48.86
device_6,2026-04-22T06:24:55.275407,57.57
device_6,2026-04-22T06:23:55.275407,56.88
device_6,2026-04-22T06:22:55.275407,56.92
device_6,2026-04-22T06:21:55.275407,59.35
device_6,2026-04-22T06:20:55.275407,55.22
device_6,2026-04-22T06:19:55.275407,48.46
device_6,2026-04-22T06:18:55.275407,55.66
device_6,2026-04-22T06:17:55.275407,54.98
device_6,2026-04-22T06:16:55.275407,50.25
device_6,2026-04-22T06:15:55.275407,55.83
device_6,2026-04-22T06:14:55.275407,48.7
device_6,2026-04-22T06:13:55.275407,60.33
device_6,2026-04-22T06:12:55.275407,60.61
device_6,2026-04-22T06:11:55.275407,54.14
device_6,2026-04-22T06:10:55.275407,58.35
device_6,2026-04-22T06:09:55.275407,56.68
device_6,2026-04-22T06:08:55.275407,56.47
device_6,2026-04-22T06:07:55.275407,55.73
device_6,2026-04-22T06:06:55.275407,59.75
device_6,2026-04-22T06:05:55.275407,55.79
device_6,2026-04-22T06:04:55.275407,51.4
device_6,2026-04-22T06:03:55.275407,53.0
device_6,2026-04-22T06:02:55.275407,50.12
device_6,2026-04-22T06:01:55.275407,58.98
device_6,2026-04-22T06:00:55.275407,56.63
device_6,2026-04-22T05:59:55.275407,53.88
device_6,2026-04-22T05:58:55.275407,49.67
device_6,2026-04-22T05:57:55.275407,53.07
device_6,2026-04-22T05:56:55.275407,49.57
device_6,2026-04-22T05:55:55.275407,56.94
device_6,2026-04-22T05:54:55.275407,58.72
device_6,2026-04-22T05:53:55.275407,52.29
device_6,2026-04-22T05:52:55.275407,56.0
device_6,2026-04-22T05:51:55.275407,54.4
device_6,2026-04-22T05:50:55.275407,55.56
device_6,2026-04-22T05:49:55.275407,51.92
device_6,2026-04-22T05:48:55.275407,53.49
device_7,2026-04-22T06:37:55.275407,53.24
device_7,2026-04-22T06:36:55.275407,54.14
device_7,2026-04-22T06:35:55.275407,56.85
device_7,2026-04-22T06:34:55.275407,52.88
device_7,2026-04-22T06:33:55.275407,56.38
device_7,2026-04-22T06:32:55.275407,54.77
device_7,2026-04-22T06:31:55.275407,58.75
device_7,2026-04-22T06:30:55.275407,59.86
device_7,2026-04-22T06:29:55.275407,51.05
device_7,2026-04-22T06:28:55.275407,53.83
device_7,2026-04-22T06:27:55.275407,47.66
device_7,2026-04-22T06:26:55.275407,55.94
device_7,2026-04-22T06:25:55.275407,54.34
device_7,2026-04-22T06:24:55.275407,53.05
device_7,2026-04-22T06:23:55.275407,60.08
device_7,2026-04-22T06:22:55.275407,54.86
device_7,2026-04-22T06:21:55.275407,48.17
device_7,2026-04-22T06:20:55.275407,55.16
device_7,2026-04-22T06:19:55.275407,54.47
device_7,2026-04-22T06:18:55.275407,51.89
device_7,2026-04-22T06:17:55.275407,46.81
device_7,2026-04-22T06:16:55.275407,58.82
device_7,2026-04-22T06:15:55.275407,52.83
device_7,2026-04-22T06:14:55.275407,51.72
device_7,2026-04-22T06:13:55.275407,63.49
device_7,2026-04-22T06:12:55.275407,60.42
device_7,2026-04-22T06:11:55.275407,49.36
device_7,2026-04-22T06:10:55.275407,54.57
device_7,2026-04-22T06:09:55.275407,54.76
device_7,2026-04-22T06:08:55.275407,62.7
device_7,2026-04-22T06:07:55.275407,60.4
device_7,2026-04-22T06:06:55.275407,51.56
device_7,2026-04-22T06:05:55.275407,57.48
device_7,2026-04-22T06:04:55.275407,58.55
device_7,2026-04-22T06:03:55.275407,56.88
device_7,2026-04-22T06:02:55.275407,58.37
device_7,2026-04-22T06:01:55.275407,54.27
device_7,2026-04-22T06:00:55.275407,57.79
device_7,2026-04-22T05:59:55.275407,57.68
device_7,2026-04-22T05:58:55.275407,56.42
device_7,2026-04-22T05:57:55.275407,51.85
device_7,2026-04-22T05:56:55.275407,59.55
device_7,2026-04-22T05:55:55.275407,58.28
device_7,2026-04-22T05:54:55.275407,62.7
device_7,2026-04-22T05:53:55.275407,54.38
device_7,2026-04-22T05:52:55.275407,50.81
device_7,2026-04-22T05:51:55.275407,52.7
device_7,2026-04-22T05:50:55.275407,46.25
device_7,2026-04-22T05:49:55.275407,61.14
device_7,2026-04-22T05:48:55.275407,57.23
device_8,2026-04-22T06:37:55.275407,62.89
device_8,2026-04-22T06:36:55.275407,59.13
device_8,2026-04-22T06:35:55.275407,52.63
device_8,2026-04-22T06:34:55.275407,55.29
device_8,2026-04-22T06:33:55.275407,53.25
device_8,2026-04-22T06:32:55.275407,56.44
device_8,2026-04-22T06:31:55.275407,46.29
device_8,2026-04-22T06:30:55.275407,55.18
device_8,2026-04-22T06:29:55.275407,58.28
device_8,2026-04-22T06:28:55.275407,55.03
device_8,2026-04-22T06:27:55.275407,59.59
device_8,2026-04-22T06:26:55.275407,61.82
device_8,2026-04-22T06:25:55.275407,54.21
device_8,2026-04-22T06:24:55.275407,50.18
device_8,2026-04-22T06:23:55.275407,60.24
device_8,2026-04-22T06:22:55.275407,55.11
device_8,2026-04-22T06:21:55.275407,55.06
device_8,2026-04-22T06:20:55.275407,59.12
device_8,2026-04-22T06:19:55.275407,55.11
device_8,2026-04-22T06:18:55.275407,54.07
device_8,2026-04-22T06:17:55.275407,58.53
device_8,2026-04-22T06:16:55.275407,57.44
device_8,2026-04-22T06:15:55.275407,50.43
device_8,2026-04-22T06:14:55.275407,53.67
device_8,2026-04-22T06:13:55.275407,60.45
device_8,2026-04-22T06:12:55.275407,53.22
device_8,2026-04-22T06:11:55.275407,53.53
device_8,2026-04-22T06:10:55.275407,50.12
device_8,2026-04-22T06:09:55.275407,55.72
device_8,2026-04-22T06:08:55.275407,55.61
device_8,2026-04-22T06:07:55.275407,51.71
device_8,2026-04-22T06:06:55.275407,51.88
device_8,2026-04-22T06:05:55.275407,57.0
device_8,2026-04-22T06:04:55.275407,53.92
device_8,2026-04-22T06:03:55.275407,52.37
device_8,2026-04-22T06:02:55.275407,50.78
device_8,2026-04-22T06:01:55.275407,60.76
device_8,2026-04-22T06:00:55.275407,57.46
device_8,2026-04-22T05:59:55.275407,49.82
device_8,2026-04-22T05:58:55.275407,56.58
device_8,2026-04-22T05:57:55.275407,49.52
device_8,2026-04-22T05:56:55.275407,52.61
device_8,2026-04-22T05:55:55.275407,56.92
device_8,2026-04-22T05:54:55.275407,55.5
device_8,2026-04-22T05:53:55.275407,56.13
device_8,2026-04-22T05:52:55.275407,62.35
device_8,2026-04-22T05:51:55.275407,57.37
device_8,2026-04-22T05:50:55.275407,61.67
device_8,2026-04-22T05:49:55.275407,55.93
device_8,2026-04-22T05:48:55.275407,62.64
device_9,2026-04-22T06:37:55.275407,54.51
device_9,2026-04-22T06:36:55.275407,48.85
device_9,2026-04-22T06:35:55.275407,48.55
device_9,2026-04-22T06:34:55.275407,50.68
device_9,2026-04-22T06:33:55.275407,51.97
device_9,2026-04-22T06:32:55.275407,51.5
device_9,2026-04-22T06:31:55.275407,48.42
device_9,2026-04-22T06:30:55.275407,49.92
device_9,2026-04-22T06:29:55.275407,56.82
device_9,2026-04-22T06:28:55.275407,59.17
device_9,2026-04-22T06:27:55.275407,51.65
device_9,2026-04-22T06:26:55.275407,55.08
device_9,2026-04-22T06:25:55.275407,48.55
device_9,2026-04-22T06:24:55.275407,47.51
device_9,2026-04-22T06:23:55.275407,48.7
device_9,2026-04-22T06:22:55.275407,60.17
device_9,2026-04-22T06:21:55.275407,55.27
device_9,2026-04-22T06:20:55.275407,56.58
device_9,2026-04-22T06:19:55.275407,54.55
device_9,2026-04-22T06:18:55.275407,59.92
device_9,2026-04-22T06:17:55.275407,49.94
device_9,2026-04-22T06:16:55.275407,61.03
device_9,2026-04-22T06:15:55.275407,56.79
device_9,2026-04-22T06:14:55.275407,62.4
device_9,2026-04-22T06:13:55.275407,60.78
device_9,2026-04-22T06:12:55.275407,60.01
device_9,2026-04-22T06:11:55.275407,56.46
device_9,2026-04-22T06:10:55.275407,56.35
device_9,2026-04-22T06:09:55.275407,58.15
device_9,2026-04-22T06:08:55.275407,60.29
device_9,2026-04-22T06:07:55.275407,63.58
device_9,2026-04-22T06:06:55.275407,58.09
device_9,2026-04-22T06:05:55.275407,57.41
device_9,2026-04-22T06:04:55.275407,57.16
device_9,2026-04-22T06:03:55.275407,56.9
device_9,2026-04-22T06:02:55.275407,60.23
device_9,2026-04-22T06:01:55.275407,52.52
device_9,2026-04-22T06:00:55.275407,59.4
device_9,2026-04-22T05:59:55.275407,61.11
device_9,2026-04-22T05:58:55.275407,54.69
device_9,2026-04-22T05:57:55.275407,48.16
device_9,2026-04-22T05:56:55.275407,57.19
device_9,2026-04-22T05:55:55.275407,60.0
device_9,2026-04-22T05:54:55.275407,46.5
device_9,2026-04-22T05:53:55.275407,55.79
device_9,2026-04-22T05:52:55.275407,53.4
device_9,2026-04-22T05:51:55.275407,56.69
device_9,2026-04-22T05:50:55.275407,50.23
device_9,2026-04-22T05:49:55.275407,60.23
device_9,2026-04-22T05:48:55.275407,53.55
device_10,2026-04-22T06:37:55.275407,48.42
device_10,2026-04-22T06:36:55.275407,62.2
device_10,2026-04-22T06:35:55.275407,56.42
device_10,2026-04-22T06:34:55.275407,51.9
device_10,2026-04-22T06:33:55.275407,55.88
device_10,2026-04-22T06:32:55.275407,54.29
device_10,2026-04-22T06:31:55.275407,57.78
device_10,2026-04-22T06:30:55.275407,60.27
device_10,2026-04-22T06:29:55.275407,56.79
device_10,2026-04-22T06:28:55.275407,54.67
device_10,2026-04-22T06:27:55.275407,52.49
device_10,2026-04-22T06:26:55.275407,60.54
device_10,2026-04-22T06:25:55.275407,53.23
device_10,2026-04-22T06:24:55.275407,57.42
device_10,2026-04-22T06:23:55.275407,57.12
device_10,2026-04-22T06:22:55.275407,50.2
device_10,2026-04-22T06:21:55.275407,51.62
device_10,2026-04-22T06:20:55.275407,52.58
device_10,2026-04-22T06:19:55.275407,54.48
device_10,2026-04-22T06:18:55.275407,53.55
device_10,2026-04-22T06:17:55.275407,53.24
device_10,2026-04-22T06:16:55.275407,55.26
device_10,2026-04-22T06:15:55.275407,60.27
device_10,2026-04-22T06:14:55.275407,57.69
device_10,2026-04-22T06:13:55.275407,53.11
device_10,2026-04-22T06:12:55.275407,58.82
device_10,2026-04-22T06:11:55.275407,55.93
device_10,2026-04-22T06:10:55.275407,58.29
device_10,2026-04-22T06:09:55.275407,55.49
device_10,2026-04-22T06:08:55.275407,51.71
device_10,2026-04-22T06:07:55.275407,63.38
device_10,2026-04-22T06:06:55.275407,54.5
device_10,2026-04-22T06:05:55.275407,52.95
device_10,2026-04-22T06:04:55.275407,56.53
device_10,2026-04-22T06:03:55.275407,63.7
device_10,2026-04-22T06:02:55.275407,53.67
device_10,2026-04-22T06:01:55.275407,58.53
device_10,2026-04-22T06:00:55.275407,47.96
device_10,2026-04-22T05:59:55.275407,61.58
device_10,2026-04-22T05:58:55.275407,50.28
device_10,2026-04-22T05:57:55.275407,51.07
device_10,2026-04-22T05:56:55.275407,54.92
device_10,2026-04-22T05:55:55.275407,53.72
device_10,2026-04-22T05:54:55.275407,55.96
device_10,2026-04-22T05:53:55.275407,47.54
device_10,2026-04-22T05:52:55.275407,53.95
device_10,2026-04-22T05:51:55.275407,57.29
device_10,2026-04-22T05:50:55.275407,62.08
device_10,2026-04-22T05:49:55.275407,61.24
device_10,2026-04-22T05:48:55.275407,52.62
device_11,2026-04-22T06:37:55.275407,57.45
device_11,2026-04-22T06:36:55.275407,48.14
device_11,2026-04-22T06:35:55.275407,61.37
device_11,2026-04-22T06:34:55.275407,59.38
device_11,2026-04-22T06:33:55.275407,56.72
device_11,2026-04-22T06:32:55.275407,59.58
device_11,2026-04-22T06:31:55.275407,47.23
device_11,2026-04-22T06:30:55.275407,54.33
device_11,2026-04-22T06:29:55.275407,54.29
device_11,2026-04-22T06:28:55.275407,51.95
device_11,2026-04-22T06:27:55.275407,50.04
device_11,2026-04-22T06:26:55.275407,52.02
device_11,2026-04-22T06:25:55.275407,54.05
device_11,2026-04-22T06:24:55.275407,48.6
device_11,2026-04-22T06:23:55.275407,57.11
device_11,2026-04-22T06:22:55.275407,60.47
device_11,2026-04-22T06:21:55.275407,56.12
device_11,2026-04-22T06:20:55.275407,57.25
device_11,2026-04-22T06:19:55.275407,58.25
device_11,2026-04-22T06:18:55.275407,63.5
device_11,2026-04-22T06:17:55.275407,50.65
device_11,2026-04-22T06:16:55.275407,47.84
device_11,2026-04-22T06:15:55.275407,52.91
device_11,2026-04-22T06:14:55.275407,52.76
device_11,2026-04-22T06:13:55.275407,62.14
device_11,2026-04-22T06:12:55.275407,50.54
device_11,2026-04-22T06:11:55.275407,50.66
device_11,2026-04-22T06:10:55.275407,51.36
device_11,2026-04-22T06:09:55.275407,56.86
device_11,2026-04-22T06:08:55.275407,54.75
device_11,2026-04-22T06:07:55.275407,55.63
device_11,2026-04-22T06:06:55.275407,52.45
device_11,2026-04-22T06:05:55.275407,54.49
device_11,2026-04-22T06:04:55.275407,54.45
device_11,2026-04-22T06:03:55.275407,56.55
device_11,2026-04-22T06:02:55.275407,53.16
device_11,2026-04-22T06:01:55.275407,55.72
device_11,2026-04-22T06:00:55.275407,59.05
device_11,2026-04-22T05:59:55.275407,56.21
device_11,2026-04-22T05:58:55.275407,48.02
device_11,2026-04-22T05:57:55.275407,49.84
device_11,2026-04-22T05:56:55.275407,58.88
device_11,2026-04-22T05:55:55.275407,53.56
device_11,2026-04-22T05:54:55.275407,51.31
device_11,2026-04-22T05:53:55.275407,55.64
device_11,2026-04-22T05:52:55.275407,53.91
device_11,2026-04-22T05:51:55.275407,61.56
device_11,2026-04-22T05:50:55.275407,52.28
device_11,2026-04-22T05:49:55.275407,60.78
device_11,2026-04-22T05:48:55.275407,48.61
device_12,2026-04-22T06:37:55.275407,53.13
device_12,2026-04-22T06:36:55.275407,54.16
device_12,2026-04-22T06:35:55.275407,53.95
device_12,2026-04-22T06:34:55.275407,54.0
device_12,2026-04-22T06:33:55.275407,63.74
device_12,2026-04-22T06:32:55.275407,54.72
device_12,2026-04-22T06:31:55.275407,55.36
device_12,2026-04-22T06:30:55.275407,51.88
device_12,2026-04-22T06:29:55.275407,61.57
device_12,2026-04-22T06:28:55.275407,53.37
device_12,2026-04-22T06:27:55.275407,52.08
device_12,2026-04-22T06:26:55.275407,59.67
device_12,2026-04-22T06:25:55.275407,53.46
device_12,2026-04-22T06:24:55.275407,47.13
device_12,2026-04-22T06:23:55.275407,56.29
device_12,2026-04-22T06:22:55.275407,53.83
device_12,2026-04-22T06:21:55.275407,57.43
device_12,2026-04-22T06:20:55.275407,58.33
device_12,2026-04-22T06:19:55.275407,62.63
device_12,2026-04-22T06:18:55.275407,54.81
device_12,2026-04-22T06:17:55.275407,52.37
device_12,2026-04-22T06:16:55.275407,54.33
device_12,2026-04-22T06:15:55.275407,61.95
device_12,2026-04-22T06:14:55.275407,47.85
device_12,2026-04-22T06:13:55.275407,52.42
device_12,2026-04-22T06:12:55.275407,45.41
device_12,2026-04-22T06:11:55.275407,51.74
device_12,2026-04-22T06:10:55.275407,52.79
device_12,2026-04-22T06:09:55.275407,52.12
device_12,2026-04-22T06:08:55.275407,58.3
device_12,2026-04-22T06:07:55.275407,49.44
device_12,2026-04-22T06:06:55.275407,56.04
device_12,2026-04-22T06:05:55.275407,51.15
device_12,2026-04-22T06:04:55.275407,56.67
device_12,2026-04-22T06:03:55.275407,52.34
device_12,2026-04-22T06:02:55.275407,55.45
device_12,2026-04-22T06:01:55.275407,50.22
device_12,2026-04-22T06:00:55.275407,55.32
device_12,2026-04-22T05:59:55.275407,49.53
device_12,2026-04-22T05:58:55.275407,49.78
device_12,2026-04-22T05:57:55.275407,53.17
device_12,2026-04-22T05:56:55.275407,53.48
device_12,2026-04-22T05:55:55.275407,60.12
device_12,2026-04-22T05:54:55.275407,54.41
device_12,2026-04-22T05:53:55.275407,53.31
device_12,2026-04-22T05:52:55.275407,54.52
device_12,2026-04-22T05:51:55.275407,59.33
device_12,2026-04-22T05:50:55.275407,53.8
device_12,2026-04-22T05:49:55.275407,61.72
device_12,2026-04-22T05:48:55.275407,56.67
device_13,2026-04-22T06:37:55.275407,55.67
device_13,2026-04-22T06:36:55.275407,48.91
device_13,2026-04-22T06:35:55.275407,54.86
device_13,2026-04-22T06:34:55.275407,53.21
device_13,2026-04-22T06:33:55.275407,54.57
device_13,2026-04-22T06:32:55.275407,59.82
device_13,2026-04-22T06:31:55.275407,52.27
device_13,2026-04-22T06:30:55.275407,48.96
device_13,2026-04-22T06:29:55.275407,53.1
device_13,2026-04-22T06:28:55.275407,59.58
device_13,2026-04-22T06:27:55.275407,56.49
device_13,2026-04-22T06:26:55.275407,52.91
device_13,2026-04-22T06:25:55.275407,51.83
device_13,2026-04-22T06:24:55.275407,56.02
device_13,2026-04-22T06:23:55.275407,55.88
device_13,2026-04-22T06:22:55.275407,56.55
device_13,2026-04-22T06:21:55.275407,53.31
device_13,2026-04-22T06:20:55.275407,52.71
device_13,2026-04-22T06:19:55.275407,52.61
device_13,2026-04-22T06:18:55.275407,56.6
device_13,2026-04-22T06:17:55.275407,55.7
device_13,2026-04-22T06:16:55.275407,58.77
device_13,2026-04-22T06:15:55.275407,56.44
device_13,2026-04-22T06:14:55.275407,56.3
device_13,2026-04-22T06:13:55.275407,54.89
device_13,2026-04-22T06:12:55.275407,52.98
device_13,2026-04-22T06:11:55.275407,50.53
device_13,2026-04-22T06:10:55.275407,51.56
device_13,2026-04-22T06:09:55.275407,56.54
device_13,2026-04-22T06:08:55.275407,51.27
device_13,2026-04-22T06:07:55.275407,49.69
device_13,2026-04-22T06:06:55.275407,60.55
device_13,2026-04-22T06:05:55.275407,55.82
device_13,2026-04-22T06:04:55.275407,60.7
device_13,2026-04-22T06:03:55.275407,55.27
device_13,2026-04-22T06:02:55.275407,53.36
device_13,2026-04-22T06:01:55.275407,53.95
device_13,2026-04-22T06:00:55.275407,53.75
device_13,2026-04-22T05:59:55.275407,47.45
device_13,2026-04-22T05:58:55.275407,50.46
device_13,2026-04-22T05:57:55.275407,53.83
device_13,2026-04-22T05:56:55.275407,47.71
device_13,2026-04-22T05:55:55.275407,54.65
device_13,2026-04-22T05:54:55.275407,54.45
device_13,2026-04-22T05:53:55.275407,56.14
device_13,2026-04-22T05:52:55.275407,51.06
device_13,2026-04-22T05:51:55.275407,54.73
device_13,2026-04-22T05:50:55.275407,53.71
device_13,2026-04-22T05:49:55.275407,58.33
device_13,2026-04-22T05:48:55.275407,49.02
device_14,2026-04-22T06:37:55.275407,54.69
device_14,2026-04-22T06:36:55.275407,56.91
device_14,2026-04-22T06:35:55.275407,57.23
device_14,2026-04-22T06:34:55.275407,55.72
device_14,2026-04-22T06:33:55.275407,58.51
device_14,2026-04-22T06:32:55.275407,59.79
device_14,2026-04-22T06:31:55.275407,57.47
device_14,2026-04-22T06:30:55.275407,54.84
device_14,2026-04-22T06:29:55.275407,52.28
device_14,2026-04-22T06:28:55.275407,57.78
device_14,2026-04-22T06:27:55.275407,50.43
device_14,2026-04-22T06:26:55.275407,61.12
device_14,2026-04-22T06:25:55.275407,48.84
device_14,2026-04-22T06:24:55.275407,55.13
device_14,2026-04-22T06:23:55.275407,50.52
device_14,2026-04-22T06:22:55.275407,54.72
device_14,2026-04-22T06:21:55.275407,59.79
device_14,2026-04-22T06:20:55.275407,48.19
device_14,2026-04-22T06:19:55.275407,57.6
device_14,2026-04-22T06:18:55.275407,57.37
device_14,2026-04-22T06:17:55.275407,52.26
device_14,2026-04-22T06:16:55.275407,60.86
device_14,2026-04-22T06:15:55.275407,61.66
device_14,2026-04-22T06:14:55.275407,52.17
device_14,2026-04-22T06:13:55.275407,56.56
device_14,2026-04-22T06:12:55.275407,63.33
device_14,2026-04-22T06:11:55.275407,51.13
device_14,2026-04-22T06:10:55.275407,48.19
device_14,2026-04-22T06:09:55.275407,57.75
device_14,2026-04-22T06:08:55.275407,60.76
device_14,2026-04-22T06:07:55.275407,54.69
device_14,2026-04-22T06:06:55.275407,53.59
device_14,2026-04-22T06:05:55.275407,58.23
device_14,2026-04-22T06:04:55.275407,53.44
device_14,2026-04-22T06:03:55.275407,62.63
device_14,2026-04-22T06:02:55.275407,49.0
device_14,2026-04-22T06:01:55.275407,59.96
device_14,2026-04-22T06:00:55.275407,53.76
device_14,2026-04-22T05:59:55.275407,52.55
device_14,2026-04-22T05:58:55.275407,55.13
device_14,2026-04-22T05:57:55.275407,64.73
device_14,2026-04-22T05:56:55.275407,58.23
device_14,2026-04-22T05:55:55.275407,52.34
device_14,2026-04-22T05:54:55.275407,52.53
device_14,2026-04-22T05:53:55.275407,57.04
device_14,2026-04-22T05:52:55.275407,53.15
device_14,2026-04-22T05:51:55.275407,54.24
device_14,2026-04-22T05:50:55.275407,62.05
device_14,2026-04-22T05:49:55.275407,55.34
device_14,2026-04-22T05:48:55.275407,58.11
device_15,2026-04-22T06:37:55.275407,54.93
device_15,2026-04-22T06:36:55.275407,53.25
device_15,2026-04-22T06:35:55.275407,58.82
device_15,2026-04-22T06:34:55.275407,60.37
device_15,2026-04-22T06:33:55.275407,54.85
device_15,2026-04-22T06:32:55.275407,51.39
device_15,2026-04-22T06:31:55.275407,52.35
device_15,2026-04-22T06:30:55.275407,59.71
device_15,2026-04-22T06:29:55.275407,52.76
device_15,2026-04-22T06:28:55.275407,56.06
device_15,2026-04-22T06:27:55.275407,51.58
device_15,2026-04-22T06:26:55.275407,54.21
device_15,2026-04-22T06:25:55.275407,52.08
device_15,2026-04-22T06:24:55.275407,56.16
device_15,2026-04-22T06:23:55.275407,47.96
device_15,2026-04-22T06:22:55.275407,49.91
device_15,2026-04-22T06:21:55.275407,53.88
device_15,2026-04-22T06:20:55.275407,61.37
device_15,2026-04-22T06:19:55.275407,48.41
device_15,2026-04-22T06:18:55.275407,47.84
device_15,2026-04-22T06:17:55.275407,55.63
device_15,2026-04-22T06:16:55.275407,51.58
device_15,2026-04-22T06:15:55.275407,58.04
device_15,2026-04-22T06:14:55.275407,53.84
device_15,2026-04-22T06:13:55.275407,59.01
device_15,2026-04-22T06:12:55.275407,55.72
device_15,2026-04-22T06:11:55.275407,53.77
device_15,2026-04-22T06:10:55.275407,59.34
device_15,2026-04-22T06:09:55.275407,61.51
device_15,2026-04-22T06:08:55.275407,58.3
device_15,2026-04-22T06:07:55.275407,53.9
device_15,2026-04-22T06:06:55.275407,62.1
device_15,2026-04-22T06:05:55.275407,58.14
device_15,2026-04-22T06:04:55.275407,56.73
device_15,2026-04-22T06:03:55.275407,58.79
device_15,2026-04-22T06:02:55.275407,53.5
device_15,2026-04-22T06:01:55.275407,58.66
device_15,2026-04-22T06:00:55.275407,58.43
device_15,2026-04-22T05:59:55.275407,55.43
device_15,2026-04-22T05:58:55.275407,52.63
device_15,2026-04-22T05:57:55.275407,60.95
device_15,2026-04-22T05:56:55.275407,56.09
device_15,2026-04-22T05:55:55.275407,59.36
device_15,2026-04-22T05:54:55.275407,51.66
device_15,2026-04-22T05:53:55.275407,56.62
device_15,2026-04-22T05:52:55.275407,48.57
device_15,2026-04-22T05:51:55.275407,52.57
device_15,2026-04-22T05:50:55.275407,53.19
device_15,2026-04-22T05:49:55.275407,62.09
device_15,2026-04-22T05:48:55.275407,53.86
device_16,2026-04-22T06:37:55.275407,58.88
device_16,2026-04-22T06:36:55.275407,54.81
device_16,2026-04-22T06:35:55.275407,56.03
device_16,2026-04-22T06:34:55.275407,54.0
device_16,2026-04-22T06:33:55.275407,52.39
device_16,2026-04-22T06:32:55.275407,55.69
device_16,2026-04-22T06:31:55.275407,55.7
device_16,2026-04-22T06:30:55.275407,55.7
device_16,2026-04-22T06:29:55.275407,57.58
device_16,2026-04-22T06:28:55.275407,58.74
device_16,2026-04-22T06:27:55.275407,52.85
device_16,2026-04-22T06:26:55.275407,62.54
device_16,2026-04-22T06:25:55.275407,55.2
device_16,2026-04-22T06:24:55.275407,56.67
device_16,2026-04-22T06:23:55.275407,60.97
device_16,2026-04-22T06:22:55.275407,52.31
device_16,2026-04-22T06:21:55.275407,62.16
device_16,2026-04-22T06:20:55.275407,54.93
device_16,2026-04-22T06:19:55.275407,47.65
device_16,2026-04-22T06:18:55.275407,59.38
device_16,2026-04-22T06:17:55.275407,52.32
device_16,2026-04-22T06:16:55.275407,59.07
device_16,2026-04-22T06:15:55.275407,60.26
device_16,2026-04-22T06:14:55.275407,59.27
device_16,2026-04-22T06:13:55.275407,52.39
device_16,2026-04-22T06:12:55.275407,56.69
device_16,2026-04-22T06:11:55.275407,57.64
device_16,2026-04-22T06:10:55.275407,48.33
device_16,2026-04-22T06:09:55.275407,56.16
device_16,2026-04-22T06:08:55.275407,57.34
device_16,2026-04-22T06:07:55.275407,50.18
device_16,2026-04-22T06:06:55.275407,51.45
device_16,2026-04-22T06:05:55.275407,49.63
device_16,2026-04-22T06:04:55.275407,53.75
device_16,2026-04-22T06:03:55.275407,46.97
device_16,2026-04-22T06:02:55.275407,53.73
device_16,2026-04-22T06:01:55.275407,64.55
device_16,2026-04-22T06:00:55.275407,54.59
device_16,2026-04-22T05:59:55.275407,62.27
device_16,2026-04-22T05:58:55.275407,53.54
device_16,2026-04-22T05:57:55.275407,52.18
device_16,2026-04-22T05:56:55.275407,55.56
device_16,2026-04-22T05:55:55.275407,56.46
device_16,2026-04-22T05:54:55.275407,57.87
device_16,2026-04-22T05:53:55.275407,54.65
device_16,2026-04-22T05:52:55.275407,60.45
device_16,2026-04-22T05:51:55.275407,48.65
device_16,2026-04-22T05:50:55.275407,51.86
device_16,2026-04-22T05:49:55.275407,58.12
device_16,2026-04-22T05:48:55.275407,55.24
device_17,2026-04-22T06:37:55.275407,52.28
device_17,2026-04-22T06:36:55.275407,53.5
device_17,2026-04-22T06:35:55.275407,50.78
device_17,2026-04-22T06:34:55.275407,58.25
device_17,2026-04-22T06:33:55.275407,50.16
device_17,2026-04-22T06:32:55.275407,53.77
device_17,2026-04-22T06:31:55.275407,61.18
device_17,2026-04-22T06:30:55.275407,60.41
device_17,2026-04-22T06:29:55.275407,54.72
device_17,2026-04-22T06:28:55.275407,53.08
device_17,2026-04-22T06:27:55.275407,55.08
device_17,2026-04-22T06:26:55.275407,52.07
device_17,2026-04-22T06:25:55.275407,59.34
device_17,2026-04-22T06:24:55.275407,56.77
device_17,2026-04-22T06:23:55.275407,49.38
device_17,2026-04-22T06:22:55.275407,54.19
device_17,2026-04-22T06:21:55.275407,64.23
device_17,2026-04-22T06:20:55.275407,52.3
device_17,2026-04-22T06:19:55.275407,55.52
device_17,2026-04-22T06:18:55.275407,49.47
device_17,2026-04-22T06:17:55.275407,53.87
device_17,2026-04-22T06:16:55.275407,57.9
device_17,2026-04-22T06:15:55.275407,49.76
device_17,2026-04-22T06:14:55.275407,51.07
device_17,2026-04-22T06:13:55.275407,55.99
device_17,2026-04-22T06:12:55.275407,56.87
device_17,2026-04-22T06:11:55.275407,46.91
device_17,2026-04-22T06:10:55.275407,54.28
device_17,2026-04-22T06:09:55.275407,55.69
device_17,2026-04-22T06:08:55.275407,55.16
device_17,2026-04-22T06:07:55.275407,58.59
device_17,2026-04-22T06:06:55.275407,51.74
device_17,2026-04-22T06:05:55.275407,56.84
device_17,2026-04-22T06:04:55.275407,54.85
device_17,2026-04-22T06:03:55.275407,53.93
device_17,2026-04-22T06:02:55.275407,59.65
device_17,2026-04-22T06:01:55.275407,51.25
device_17,2026-04-22T06:00:55.275407,57.6
device_17,2026-04-22T05:59:55.275407,57.54
device_17,2026-04-22T05:58:55.275407,52.98
device_17,2026-04-22T05:57:55.275407,49.23
device_17,2026-04-22T05:56:55.275407,58.28
device_17,2026-04-22T05:55:55.275407,54.01
device_17,2026-04-22T05:54:55.275407,52.37
device_17,2026-04-22T05:53:55.275407,56.45
device_17,2026-04-22T05:52:55.275407,47.51
device_17,2026-04-22T05:51:55.275407,46.11
device_17,2026-04-22T05:50:55.275407,55.29
device_17,2026-04-22T05:49:55.275407,59.04
device_17,2026-04-22T05:48:55.275407,48.76
device_18,2026-04-22T06:37:55.275407,58.41
device_18,2026-04-22T06:36:55.275407,56.7
device_18,2026-04-22T06:35:55.275407,52.1
device_18,2026-04-22T06:34:55.275407,52.01
device_18,2026-04-22T06:33:55.275407,56.36
device_18,2026-04-22T06:32:55.275407,52.09
device_18,2026-04-22T06:31:55.275407,54.89
device_18,2026-04-22T06:30:55.275407,58.12
device_18,2026-04-22T06:29:55.275407,61.07
device_18,2026-04-22T06:28:55.275407,46.81
device_18,2026-04-22T06:27:55.275407,58.76
device_18,2026-04-22T06:26:55.275407,56.79
device_18,2026-04-22T06:25:55.275407,59.8
device_18,2026-04-22T06:24:55.275407,55.85
device_18,2026-04-22T06:23:55.275407,58.7
device_18,2026-04-22T06:22:55.275407,57.93
device_18,2026-04-22T06:21:55.275407,54.32
device_18,2026-04-22T06:20:55.275407,47.68
device_18,2026-04-22T06:19:55.275407,55.23
device_18,2026-04-22T06:18:55.275407,52.92
device_18,2026-04-22T06:17:55.275407,57.17
device_18,2026-04-22T06:16:55.275407,53.79
device_18,2026-04-22T06:15:55.275407,53.65
device_18,2026-04-22T06:14:55.275407,61.46
device_18,2026-04-22T06:13:55.275407,57.38
device_18,2026-04-22T06:12:55.275407,61.78
device_18,2026-04-22T06:11:55.275407,56.03
device_18,2026-04-22T06:10:55.275407,47.32
device_18,2026-04-22T06:09:55.275407,57.5
device_18,2026-04-22T06:08:55.275407,59.43
device_18,2026-04-22T06:07:55.275407,45.51
device_18,2026-04-22T06:06:55.275407,49.12
device_18,2026-04-22T06:05:55.275407,54.58
device_18,2026-04-22T06:04:55.275407,55.75
device_18,2026-04-22T06:03:55.275407,56.03
device_18,2026-04-22T06:02:55.275407,50.47
device_18,2026-04-22T06:01:55.275407,47.25
device_18,2026-04-22T06:00:55.275407,54.22
device_18,2026-04-22T05:59:55.275407,57.36
device_18,2026-04-22T05:58:55.275407,50.92
device_18,2026-04-22T05:57:55.275407,54.45
device_18,2026-04-22T05:56:55.275407,58.67
device_18,2026-04-22T05:55:55.275407,56.07
device_18,2026-04-22T05:54:55.275407,50.93
device_18,2026-04-22T05:53:55.275407,60.52
device_18,2026-04-22T05:52:55.275407,47.29
device_18,2026-04-22T05:51:55.275407,53.26
device_18,2026-04-22T05:50:55.275407,59.05
device_18,2026-04-22T05:49:55.275407,53.41
device_18,2026-04-22T05:48:55.275407,58.5
device_19,2026-04-22T06:37:55.275407,59.64
device_19,2026-04-22T06:36:55.275407,60.1
device_19,2026-04-22T06:35:55.275407,50.39
device_19,2026-04-22T06:34:55.275407,50.14
device_19,2026-04-22T06:33:55.275407,54.82
device_19,2026-04-22T06:32:55.275407,51.41
device_19,2026-04-22T06:31:55.275407,52.27
device_19,2026-04-22T06:30:55.275407,64.44
device_19,2026-04-22T06:29:55.275407,63.23
device_19,2026-04-22T06:28:55.275407,48.31
device_19,2026-04-22T06:27:55.275407,51.65
device_19,2026-04-22T06:26:55.275407,59.82
device_19,2026-04-22T06:25:55.275407,56.16
device_19,2026-04-22T06:24:55.275407,47.07
device_19,2026-04-22T06:23:55.275407,54.28
device_19,2026-04-22T06:22:55.275407,53.51
device_19,2026-04-22T06:21:55.275407,57.38
device_19,2026-04-22T06:20:55.275407,54.44
device_19,2026-04-22T06:19:55.275407,49.47
device_19,2026-04-22T06:18:55.275407,52.23
device_19,2026-04-22T06:17:55.275407,54.78
device_19,2026-04-22T06:16:55.275407,51.13
device_19,2026-04-22T06:15:55.275407,54.94
device_19,2026-04-22T06:14:55.275407,48.09
device_19,2026-04-22T06:13:55.275407,53.25
device_19,2026-04-22T06:12:55.275407,57.25
device_19,2026-04-22T06:11:55.275407,49.15
device_19,2026-04-22T06:10:55.275407,58.49
device_19,2026-04-22T06:09:55.275407,58.31
device_19,2026-04-22T06:08:55.275407,50.91
device_19,2026-04-22T06:07:55.275407,60.85
device_19,2026-04-22T06:06:55.275407,55.88
device_19,2026-04-22T06:05:55.275407,60.65
device_19,2026-04-22T06:04:55.275407,54.95
device_19,2026-04-22T06:03:55.275407,50.79
device_19,2026-04-22T06:02:55.275407,54.32
device_19,2026-04-22T06:01:55.275407,60.77
device_19,2026-04-22T06:00:55.275407,54.27
device_19,2026-04-22T05:59:55.275407,54.49
device_19,2026-04-22T05:58:55.275407,54.71
device_19,2026-04-22T05:57:55.275407,52.59
device_19,2026-04-22T05:56:55.275407,46.13
device_19,2026-04-22T05:55:55.275407,48.22
device_19,2026-04-22T05:54:55.275407,53.54
device_19,2026-04-22T05:53:55.275407,57.23
device_19,2026-04-22T05:52:55.275407,55.0
device_19,2026-04-22T05:51:55.275407,57.23
device_19,2026-04-22T05:50:55.275407,59.57
device_19,2026-04-22T05:49:55.275407,48.71
device_19,2026-04-22T05:48:55.275407,55.04
device_20,2026-04-22T06:37:55.275407,58.89
device_20,2026-04-22T06:36:55.275407,51.4
device_20,2026-04-22T06:35:55.275407,57.26
device_20,2026-04-22T06:34:55.275407,48.59
device_20,2026-04-22T06:33:55.275407,45.79
device_20,2026-04-22T06:32:55.275407,55.35
device_20,2026-04-22T06:31:55.275407,58.52
device_20,2026-04-22T06:30:55.275407,58.99
device_20,2026-04-22T06:29:55.275407,56.92
device_20,2026-04-22T06:28:55.275407,52.06
device_20,2026-04-22T06:27:55.275407,57.43
device_20,2026-04-22T06:26:55.275407,58.02
device_20,2026-04-22T06:25:55.275407,56.1
device_20,2026-04-22T06:24:55.275407,53.19
device_20,2026-04-22T06:23:55.275407,54.91
device_20,2026-04-22T06:22:55.275407,50.7
device_20,2026-04-22T06:21:55.275407,50.53
device_20,2026-04-22T06:20:55.275407,59.95
device_20,2026-04-22T06:19:55.275407,50.19
device_20,2026-04-22T06:18:55.275407,59.41
device_20,2026-04-22T06:17:55.275407,52.59
device_20,2026-04-22T06:16:55.275407,50.85
device_20,2026-04-22T06:15:55.275407,50.83
device_20,2026-04-22T06:14:55.275407,56.04
device_20,2026-04-22T06:13:55.275407,63.61
device_20,2026-04-22T06:12:55.275407,55.58
device_20,2026-04-22T06:11:55.275407,57.03
device_20,2026-04-22T06:10:55.275407,53.95
device_20,2026-04-22T06:09:55.275407,56.87
device_20,2026-04-22T06:08:55.275407,54.12
device_20,2026-04-22T06:07:55.275407,55.73
device_20,2026-04-22T06:06:55.275407,52.6
device_20,2026-04-22T06:05:55.275407,51.2
device_20,2026-04-22T06:04:55.275407,57.88
device_20,2026-04-22T06:03:55.275407,49.29
device_20,2026-04-22T06:02:55.275407,52.05
device_20,2026-04-22T06:01:55.275407,54.71
device_20,2026-04-22T06:00:55.275407,49.52
device_20,2026-04-22T05:59:55.275407,51.16
device_20,2026-04-22T05:58:55.275407,50.44
device_20,2026-04-22T05:57:55.275407,58.38
device_20,2026-04-22T05:56:55.275407,52.12
device_20,2026-04-22T05:55:55.275407,54.58
device_20,2026-04-22T05:54:55.275407,58.85
device_20,2026-04-22T05:53:55.275407,53.69
device_20,2026-04-22T05:52:55.275407,59.72
device_20,2026-04-22T05:51:55.275407,60.85
device_20,2026-04-22T05:50:55.275407,54.04
device_20,2026-04-22T05:49:55.275407,61.97
device_20,2026-04-22T05:48:55.275407,60.83
device_21,2026-04-22T06:37:55.275407,55.8
device_21,2026-04-22T06:36:55.275407,60.31
device_21,2026-04-22T06:35:55.275407,52.89
device_21,2026-04-22T06:34:55.275407,57.19
device_21,2026-04-22T06:33:55.275407,53.43
device_21,2026-04-22T06:32:55.275407,56.88
device_21,2026-04-22T06:31:55.275407,53.29
device_21,2026-04-22T06:30:55.275407,61.64
device_21,2026-04-22T06:29:55.275407,52.62
device_21,2026-04-22T06:28:55.275407,47.57
device_21,2026-04-22T06:27:55.275407,52.1
device_21,2026-04-22T06:26:55.275407,51.58
device_21,2026-04-22T06:25:55.275407,55.89
device_21,2026-04-22T06:24:55.275407,54.27
device_21,2026-04-22T06:23:55.275407,49.14
device_21,2026-04-22T06:22:55.275407,55.79
device_21,2026-04-22T06:21:55.275407,52.33
device_21,2026-04-22T06:20:55.275407,55.84
device_21,2026-04-22T06:19:55.275407,51.64
device_21,2026-04-22T06:18:55.275407,54.82
device_21,2026-04-22T06:17:55.275407,56.74
device_21,2026-04-22T06:16:55.275407,56.87
device_21,2026-04-22T06:15:55.275407,48.6
device_21,2026-04-22T06:14:55.275407,54.79
device_21,2026-04-22T06:13:55.275407,51.25
device_21,2026-04-22T06:12:55.275407,59.65
device_21,2026-04-22T06:11:55.275407,57.9
device_21,2026-04-22T06:10:55.275407,54.46
device_21,2026-04-22T06:09:55.275407,50.56
device_21,2026-04-22T06:08:55.275407,60.69
device_21,2026-04-22T06:07:55.275407,54.15
device_21,2026-04-22T06:06:55.275407,58.7
device_21,2026-04-22T06:05:55.275407,60.86
device_21,2026-04-22T06:04:55.275407,55.31
device_21,2026-04-22T06:03:55.275407,55.08
device_21,2026-04-22T06:02:55.275407,51.88
device_21,2026-04-22T06:01:55.275407,55.46
device_21,2026-04-22T06:00:55.275407,53.95
device_21,2026-04-22T05:59:55.275407,54.4
device_21,2026-04-22T05:58:55.275407,58.28
device_21,2026-04-22T05:57:55.275407,49.4
device_21,2026-04-22T05:56:55.275407,57.81
device_21,2026-04-22T05:55:55.275407,62.8
device_21,2026-04-22T05:54:55.275407,48.23
device_21,2026-04-22T05:53:55.275407,55.23
device_21,2026-04-22T05:52:55.275407,54.13
device_21,2026-04-22T05:51:55.275407,54.28
device_21,2026-04-22T05:50:55.275407,54.34
device_21,2026-04-22T05:49:55.275407,49.21
device_21,2026-04-22T05:48:55.275407,55.24
device_22,2026-04-22T06:37:55.275407,51.65
device_22,2026-04-22T06:36:55.275407,49.13
device_22,2026-04-22T06:35:55.275407,62.73
device_22,2026-04-22T06:34:55.275407,54.64
device_22,2026-04-22T06:33:55.275407,56.1
device_22,2026-04-22T06:32:55.275407,56.1
device_22,2026-04-22T06:31:55.275407,56.47
device_22,2026-04-22T06:30:55.275407,47.86
device_22,2026-04-22T06:29:55.275407,56.22
device_22,2026-04-22T06:28:55.275407,59.12
device_22,2026-04-22T06:27:55.275407,48.86
device_22,2026-04-22T06:26:55.275407,46.37
device_22,2026-04-22T06:25:55.275407,60.99
device_22,2026-04-22T06:24:55.275407,50.18
device_22,2026-04-22T06:23:55.275407,52.64
device_22,2026-04-22T06:22:55.275407,47.52
device_22,2026-04-22T06:21:55.275407,60.13
device_22,2026-04-22T06:20:55.275407,52.88
device_22,2026-04-22T06:19:55.275407,61.72
device_22,2026-04-22T06:18:55.275407,60.91
device_22,2026-04-22T06:17:55.275407,47.65
device_22,2026-04-22T06:16:55.275407,54.3
device_22,2026-04-22T06:15:55.275407,51.26
device_22,2026-04-22T06:14:55.275407,59.12
device_22,2026-04-22T06:13:55.275407,48.44
device_22,2026-04-22T06:12:55.275407,55.06
device_22,2026-04-22T06:11:55.275407,58.05
device_22,2026-04-22T06:10:55.275407,54.16
device_22,2026-04-22T06:09:55.275407,61.93
device_22,2026-04-22T06:08:55.275407,52.5
device_22,2026-04-22T06:07:55.275407,45.71
device_22,2026-04-22T06:06:55.275407,60.45
device_22,2026-04-22T06:05:55.275407,61.62
device_22,2026-04-22T06:04:55.275407,52.93
device_22,2026-04-22T06:03:55.275407,56.56
device_22,2026-04-22T06:02:55.275407,59.08
device_22,2026-04-22T06:01:55.275407,46.05
device_22,2026-04-22T06:00:55.275407,57.8
device_22,2026-04-22T05:59:55.275407,52.58
device_22,2026-04-22T05:58:55.275407,52.49
device_22,2026-04-22T05:57:55.275407,61.31
device_22,2026-04-22T05:56:55.275407,53.54
device_22,2026-04-22T05:55:55.275407,52.83
device_22,2026-04-22T05:54:55.275407,63.97
device_22,2026-04-22T05:53:55.275407,60.33
device_22,2026-04-22T05:52:55.275407,55.43
device_22,2026-04-22T05:51:55.275407,49.58
device_22,2026-04-22T05:50:55.275407,54.64
device_22,2026-04-22T05:49:55.275407,55.09
device_22,2026-04-22T05:48:55.275407,54.15
device_23,2026-04-22T06:37:55.275407,57.45
device_23,2026-04-22T06:36:55.275407,56.38
device_23,2026-04-22T06:35:55.275407,55.01
device_23,2026-04-22T06:34:55.275407,58.5
device_23,2026-04-22T06:33:55.275407,62.16
device_23,2026-04-22T06:32:55.275407,49.57
device_23,2026-04-22T06:31:55.275407,48.04
device_23,2026-04-22T06:30:55.275407,57.09
device_23,2026-04-22T06:29:55.275407,63.84
device_23,2026-04-22T06:28:55.275407,61.55
device_23,2026-04-22T06:27:55.275407,50.56
device_23,2026-04-22T06:26:55.275407,55.83
device_23,2026-04-22T06:25:55.275407,57.11
device_23,2026-04-22T06:24:55.275407,61.64
device_23,2026-04-22T06:23:55.275407,52.33
device_23,2026-04-22T06:22:55.275407,63.68
device_23,2026-04-22T06:21:55.275407,56.82
device_23,2026-04-22T06:20:55.275407,52.04
device_23,2026-04-22T06:19:55.275407,63.89
device_23,2026-04-22T06:18:55.275407,54.09
device_23,2026-04-22T06:17:55.275407,51.94
device_23,2026-04-22T06:16:55.275407,56.06
device_23,2026-04-22T06:15:55.275407,48.53
device_23,2026-04-22T06:14:55.275407,56.64
device_23,2026-04-22T06:13:55.275407,57.18
device_23,2026-04-22T06:12:55.275407,54.12
device_23,2026-04-22T06:11:55.275407,59.95
device_23,2026-04-22T06:10:55.275407,58.84
device_23,2026-04-22T06:09:55.275407,55.15
device_23,2026-04-22T06:08:55.275407,53.29
device_23,2026-04-22T06:07:55.275407,64.47
device_23,2026-04-22T06:06:55.275407,57.56
device_23,2026-04-22T06:05:55.275407,62.86
device_23,2026-04-22T06:04:55.275407,49.82
device_23,2026-04-22T06:03:55.275407,54.54
device_23,2026-04-22T06:02:55.275407,53.18
device_23,2026-04-22T06:01:55.275407,51.82
device_23,2026-04-22T06:00:55.275407,53.36
device_23,2026-04-22T05:59:55.275407,56.96
device_23,2026-04-22T05:58:55.275407,64.38
device_23,2026-04-22T05:57:55.275407,54.7
device_23,2026-04-22T05:56:55.275407,62.48
device_23,2026-04-22T05:55:55.275407,53.63
device_23,2026-04-22T05:54:55.275407,51.66
device_23,2026-04-22T05:53:55.275407,57.28
device_23,2026-04-22T05:52:55.275407,56.32
device_23,2026-04-22T05:51:55.275407,60.19
device_23,2026-04-22T05:50:55.275407,56.39
device_23,2026-04-22T05:49:55.275407,54.91
device_23,2026-04-22T05:48:55.275407,57.18
device_24,2026-04-22T06:37:55.275407,57.36
device_24,2026-04-22T06:36:55.275407,58.19
device_24,2026-04-22T06:35:55.275407,47.14
device_24,2026-04-22T06:34:55.275407,49.38
device_24,2026-04-22T06:33:55.275407,58.51
device_24,2026-04-22T06:32:55.275407,53.39
device_24,2026-04-22T06:31:55.275407,55.2
device_24,2026-04-22T06:30:55.275407,51.31
device_24,2026-04-22T06:29:55.275407,52.5
device_24,2026-04-22T06:28:55.275407,54.36
device_24,2026-04-22T06:27:55.275407,61.22
device_24,2026-04-22T06:26:55.275407,54.2
device_24,2026-04-22T06:25:55.275407,53.1
device_24,2026-04-22T06:24:55.275407,62.72
device_24,2026-04-22T06:23:55.275407,54.43
device_24,2026-04-22T06:22:55.275407,51.26
device_24,2026-04-22T06:21:55.275407,55.28
device_24,2026-04-22T06:20:55.275407,58.58
device_24,2026-04-22T06:19:55.275407,52.53
device_24,2026-04-22T06:18:55.275407,54.45
device_24,2026-04-22T06:17:55.275407,50.77
device_24,2026-04-22T06:16:55.275407,51.66
device_24,2026-04-22T06:15:55.275407,55.82
device_24,2026-04-22T06:14:55.275407,59.39
device_24,2026-04-22T06:13:55.275407,46.21
device_24,2026-04-22T06:12:55.275407,53.52
device_24,2026-04-22T06:11:55.275407,47.08
device_24,2026-04-22T06:10:55.275407,48.26
device_24,2026-04-22T06:09:55.275407,60.9
device_24,2026-04-22T06:08:55.275407,48.67
device_24,2026-04-22T06:07:55.275407,55.78
device_24,2026-04-22T06:06:55.275407,51.64
device_24,2026-04-22T06:05:55.275407,48.08
device_24,2026-04-22T06:04:55.275407,57.56
device_24,2026-04-22T06:03:55.275407,47.61
device_24,2026-04-22T06:02:55.275407,60.84
device_24,2026-04-22T06:01:55.275407,52.33
device_24,2026-04-22T06:00:55.275407,58.01
device_24,2026-04-22T05:59:55.275407,56.48
device_24,2026-04-22T05:58:55.275407,48.32
device_24,2026-04-22T05:57:55.275407,53.24
device_24,2026-04-22T05:56:55.275407,57.65
device_24,2026-04-22T05:55:55.275407,52.16
device_24,2026-04-22T05:54:55.275407,55.18
device_24,2026-04-22T05:53:55.275407,58.25
device_24,2026-04-22T05:52:55.275407,53.13
device_24,2026-04-22T05:51:55.275407,54.16
device_24,2026-04-22T05:50:55.275407,50.26
device_24,2026-04-22T05:49:55.275407,54.46
device_24,2026-04-22T05:48:55.275407,48.03
device_25,2026-04-22T06:37:55.275407,57.03
device_25,2026-04-22T06:36:55.275407,62.44
device_25,2026-04-22T06:35:55.275407,59.94
device_25,2026-04-22T06:34:55.275407,61.48
device_25,2026-04-22T06:33:55.275407,55.25
device_25,2026-04-22T06:32:55.275407,52.97
device_25,2026-04-22T06:31:55.275407,48.58
device_25,2026-04-22T06:30:55.275407,57.42
device_25,2026-04-22T06:29:55.275407,55.24
device_25,2026-04-22T06:28:55.275407,63.08
device_25,2026-04-22T06:27:55.275407,49.75
device_25,2026-04-22T06:26:55.275407,55.54
device_25,2026-04-22T06:25:55.275407,53.64
device_25,2026-04-22T06:24:55.275407,55.44
device_25,2026-04-22T06:23:55.275407,62.84
device_25,2026-04-22T06:22:55.275407,53.84
device_25,2026-04-22T06:21:55.275407,51.81
device_25,2026-04-22T06:20:55.275407,56.51
device_25,2026-04-22T06:19:55.275407,46.55
device_25,2026-04-22T06:18:55.275407,55.86
device_25,2026-04-22T06:17:55.275407,51.31
device_25,2026-04-22T06:16:55.275407,47.62
device_25,2026-04-22T06:15:55.275407,60.96
device_25,2026-04-22T06:14:55.275407,50.57
device_25,2026-04-22T06:13:55.275407,53.29
device_25,2026-04-22T06:12:55.275407,47.21
device_25,2026-04-22T06:11:55.275407,49.12
device_25,2026-04-22T06:10:55.275407,60.21
device_25,2026-04-22T06:09:55.275407,52.53
device_25,2026-04-22T06:08:55.275407,51.06
device_25,2026-04-22T06:07:55.275407,48.46
device_25,2026-04-22T06:06:55.275407,52.42
device_25,2026-04-22T06:05:55.275407,59.83
device_25,2026-04-22T06:04:55.275407,52.55
device_25,2026-04-22T06:03:55.275407,52.92
device_25,2026-04-22T06:02:55.275407,54.11
device_25,2026-04-22T06:01:55.275407,59.31
device_25,2026-04-22T06:00:55.275407,60.64
device_25,2026-04-22T05:59:55.275407,54.8
device_25,2026-04-22T05:58:55.275407,56.57
device_25,2026-04-22T05:57:55.275407,53.33
device_25,2026-04-22T05:56:55.275407,52.71
device_25,2026-04-22T05:55:55.275407,56.39
device_25,2026-04-22T05:54:55.275407,62.08
device_25,2026-04-22T05:53:55.275407,56.4
device_25,2026-04-22T05:52:55.275407,58.01
device_25,2026-04-22T05:51:55.275407,54.95
device_25,2026-04-22T05:50:55.275407,54.96
device_25,2026-04-22T05:49:55.275407,51.55
device_25,2026-04-22T05:48:55.275407,50.18
device_26,2026-04-22T06:37:55.275407,50.09
device_26,2026-04-22T06:36:55.275407,50.29
device_26,2026-04-22T06:35:55.275407,51.74
device_26,2026-04-22T06:34:55.275407,52.66
device_26,2026-04-22T06:33:55.275407,53.76
device_26,2026-04-22T06:32:55.275407,59.93
device_26,2026-04-22T06:31:55.275407,59.85
device_26,2026-04-22T06:30:55.275407,58.62
device_26,2026-04-22T06:29:55.275407,53.51
device_26,2026-04-22T06:28:55.275407,56.47
device_26,2026-04-22T06:27:55.275407,53.68
device_26,2026-04-22T06:26:55.275407,56.38
device_26,2026-04-22T06:25:55.275407,59.51
device_26,2026-04-22T06:24:55.275407,53.79
device_26,2026-04-22T06:23:55.275407,63.73
device_26,2026-04-22T06:22:55.275407,49.66
device_26,2026-04-22T06:21:55.275407,60.95
device_26,2026-04-22T06:20:55.275407,59.99
device_26,2026-04-22T06:19:55.275407,51.61
device_26,2026-04-22T06:18:55.275407,61.73
device_26,2026-04-22T06:17:55.275407,61.27
device_26,2026-04-22T06:16:55.275407,55.32
device_26,2026-04-22T06:15:55.275407,58.82
device_26,2026-04-22T06:14:55.275407,50.26
device_26,2026-04-22T06:13:55.275407,52.84
device_26,2026-04-22T06:12:55.275407,60.24
device_26,2026-04-22T06:11:55.275407,54.39
device_26,2026-04-22T06:10:55.275407,55.14
device_26,2026-04-22T06:09:55.275407,57.48
device_26,2026-04-22T06:08:55.275407,50.86
device_26,2026-04-22T06:07:55.275407,55.08
device_26,2026-04-22T06:06:55.275407,48.14
device_26,2026-04-22T06:05:55.275407,54.9
device_26,2026-04-22T06:04:55.275407,56.03
device_26,2026-04-22T06:03:55.275407,62.7
device_26,2026-04-22T06:02:55.275407,61.08
device_26,2026-04-22T06:01:55.275407,58.5
device_26,2026-04-22T06:00:55.275407,56.43
device_26,2026-04-22T05:59:55.275407,53.08
device_26,2026-04-22T05:58:55.275407,55.08
device_26,2026-04-22T05:57:55.275407,52.69
device_26,2026-04-22T05:56:55.275407,51.24
device_26,2026-04-22T05:55:55.275407,53.68
device_26,2026-04-22T05:54:55.275407,61.71
device_26,2026-04-22T05:53:55.275407,52.1
device_26,2026-04-22T05:52:55.275407,53.9
device_26,2026-04-22T05:51:55.275407,57.4
device_26,2026-04-22T05:50:55.275407,53.6
device_26,2026-04-22T05:49:55.275407,46.93
device_26,2026-04-22T05:48:55.275407,56.24
device_27,2026-04-22T06:37:55.275407,59.96
device_27,2026-04-22T06:36:55.275407,52.06
device_27,2026-04-22T06:35:55.275407,55.92
device_27,2026-04-22T06:34:55.275407,52.83
device_27,2026-04-22T06:33:55.275407,60.05
device_27,2026-04-22T06:32:55.275407,50.2
device_27,2026-04-22T06:31:55.275407,53.14
device_27,2026-04-22T06:30:55.275407,56.71
device_27,2026-04-22T06:29:55.275407,50.15
device_27,2026-04-22T06:28:55.275407,58.86
device_27,2026-04-22T06:27:55.275407,63.13
device_27,2026-04-22T06:26:55.275407,56.52
device_27,2026-04-22T06:25:55.275407,60.14
device_27,2026-04-22T06:24:55.275407,53.43
device_27,2026-04-22T06:23:55.275407,63.23
device_27,2026-04-22T06:22:55.275407,51.88
device_27,2026-04-22T06:21:55.275407,57.92
device_27,2026-04-22T06:20:55.275407,57.08
device_27,2026-04-22T06:19:55.275407,51.5
device_27,2026-04-22T06:18:55.275407,55.06
device_27,2026-04-22T06:17:55.275407,60.23
device_27,2026-04-22T06:16:55.275407,53.45
device_27,2026-04-22T06:15:55.275407,59.67
device_27,2026-04-22T06:14:55.275407,55.67
device_27,2026-04-22T06:13:55.275407,49.08
device_27,2026-04-22T06:12:55.275407,46.26
device_27,2026-04-22T06:11:55.275407,57.73
device_27,2026-04-22T06:10:55.275407,53.38
device_27,2026-04-22T06:09:55.275407,56.22
device_27,2026-04-22T06:08:55.275407,54.59
device_27,2026-04-22T06:07:55.275407,53.56
device_27,2026-04-22T06:06:55.275407,63.26
device_27,2026-04-22T06:05:55.275407,57.06
device_27,2026-04-22T06:04:55.275407,58.67
device_27,2026-04-22T06:03:55.275407,57.91
device_27,2026-04-22T06:02:55.275407,62.33
device_27,2026-04-22T06:01:55.275407,57.17
device_27,2026-04-22T06:00:55.275407,54.14
device_27,2026-04-22T05:59:55.275407,59.8
device_27,2026-04-22T05:58:55.275407,51.67
device_27,2026-04-22T05:57:55.275407,45.96
device_27,2026-04-22T05:56:55.275407,58.8
device_27,2026-04-22T05:55:55.275407,61.6
device_27,2026-04-22T05:54:55.275407,59.68
device_27,2026-04-22T05:53:55.275407,49.38
device_27,2026-04-22T05:52:55.275407,49.81
device_27,2026-04-22T05:51:55.275407,47.44
device_27,2026-04-22T05:50:55.275407,62.27
device_27,2026-04-22T05:49:55.275407,47.98
device_27,2026-04-22T05:48:55.275407,62.67
device_28,2026-04-22T06:37:55.275407,48.42
device_28,2026-04-22T06:36:55.275407,55.44
device_28,2026-04-22T06:35:55.275407,51.87
device_28,2026-04-22T06:34:55.275407,49.17
device_28,2026-04-22T06:33:55.275407,59.51
device_28,2026-04-22T06:32:55.275407,55.69
device_28,2026-04-22T06:31:55.275407,48.36
device_28,2026-04-22T06:30:55.275407,63.65
device_28,2026-04-22T06:29:55.275407,48.43
device_28,2026-04-22T06:28:55.275407,50.69
device_28,2026-04-22T06:27:55.275407,51.7
device_28,2026-04-22T06:26:55.275407,62.53
device_28,2026-04-22T06:25:55.275407,60.38
device_28,2026-04-22T06:24:55.275407,51.82
device_28,2026-04-22T06:23:55.275407,56.8
device_28,2026-04-22T06:22:55.275407,58.91
device_28,2026-04-22T06:21:55.275407,55.64
device_28,2026-04-22T06:20:55.275407,51.33
device_28,2026-04-22T06:19:55.275407,51.45
device_28,2026-04-22T06:18:55.275407,55.44
device_28,2026-04-22T06:17:55.275407,51.83
device_28,2026-04-22T06:16:55.275407,54.43
device_28,2026-04-22T06:15:55.275407,58.96
device_28,2026-04-22T06:14:55.275407,55.34
device_28,2026-04-22T06:13:55.275407,57.01
device_28,2026-04-22T06:12:55.275407,52.25
device_28,2026-04-22T06:11:55.275407,58.21
device_28,2026-04-22T06:10:55.275407,57.33
device_28,2026-04-22T06:09:55.275407,51.24
device_28,2026-04-22T06:08:55.275407,60.59
device_28,2026-04-22T06:07:55.275407,49.05
device_28,2026-04-22T06:06:55.275407,50.33
device_28,2026-04-22T06:05:55.275407,59.61
device_28,2026-04-22T06:04:55.275407,48.99
device_28,2026-04-22T06:03:55.275407,52.13
device_28,2026-04-22T06:02:55.275407,52.74
device_28,2026-04-22T06:01:55.275407,56.93
device_28,2026-04-22T06:00:55.275407,53.43
device_28,2026-04-22T05:59:55.275407,51.59
device_28,2026-04-22T05:58:55.275407,54.45
device_28,2026-04-22T05:57:55.275407,58.74
device_28,2026-04-22T05:56:55.275407,58.26
device_28,2026-04-22T05:55:55.275407,55.05
device_28,2026-04-22T05:54:55.275407,50.76
device_28,2026-04-22T05:53:55.275407,60.68
device_28,2026-04-22T05:52:55.275407,55.55
device_28,2026-04-22T05:51:55.275407,55.06
device_28,2026-04-22T05:50:55.275407,53.97
device_28,2026-04-22T05:49:55.275407,54.27
device_28,2026-04-22T05:48:55.275407,50.08
device_29,2026-04-22T06:37:55.275407,50.06
device_29,2026-04-22T06:36:55.275407,52.35
device_29,2026-04-22T06:35:55.275407,52.53
device_29,2026-04-22T06:34:55.275407,58.47
device_29,2026-04-22T06:33:55.275407,63.75
device_29,2026-04-22T06:32:55.275407,54.22
device_29,2026-04-22T06:31:55.275407,55.74
device_29,2026-04-22T06:30:55.275407,48.58
device_29,2026-04-22T06:29:55.275407,56.59
device_29,2026-04-22T06:28:55.275407,56.68
device_29,2026-04-22T06:27:55.275407,61.62
device_29,2026-04-22T06:26:55.275407,52.8
device_29,2026-04-22T06:25:55.275407,55.15
device_29,2026-04-22T06:24:55.275407,49.41
device_29,2026-04-22T06:23:55.275407,50.91
device_29,2026-04-22T06:22:55.275407,54.47
device_29,2026-04-22T06:21:55.275407,55.56
device_29,2026-04-22T06:20:55.275407,61.24
device_29,2026-04-22T06:19:55.275407,61.31
device_29,2026-04-22T06:18:55.275407,56.84
device_29,2026-04-22T06:17:55.275407,54.8
device_29,2026-04-22T06:16:55.275407,59.32
device_29,2026-04-22T06:15:55.275407,50.41
device_29,2026-04-22T06:14:55.275407,56.26
device_29,2026-04-22T06:13:55.275407,61.24
device_29,2026-04-22T06:12:55.275407,55.52
device_29,2026-04-22T06:11:55.275407,51.76
device_29,2026-04-22T06:10:55.275407,55.68
device_29,2026-04-22T06:09:55.275407,50.97
device_29,2026-04-22T06:08:55.275407,52.53
device_29,2026-04-22T06:07:55.275407,64.06
device_29,2026-04-22T06:06:55.275407,59.57
device_29,2026-04-22T06:05:55.275407,52.23
device_29,2026-04-22T06:04:55.275407,52.09
device_29,2026-04-22T06:03:55.275407,60.29
device_29,2026-04-22T06:02:55.275407,55.67
device_29,2026-04-22T06:01:55.275407,59.25
device_29,2026-04-22T06:00:55.275407,50.65
device_29,2026-04-22T05:59:55.275407,52.06
device_29,2026-04-22T05:58:55.275407,57.36
device_29,2026-04-22T05:57:55.275407,54.54
device_29,2026-04-22T05:56:55.275407,59.32
device_29,2026-04-22T05:55:55.275407,52.07
device_29,2026-04-22T05:54:55.275407,57.68
device_29,2026-04-22T05:53:55.275407,52.06
device_29,2026-04-22T05:52:55.275407,55.47
device_29,2026-04-22T05:51:55.275407,54.2
device_29,2026-04-22T05:50:55.275407,60.4
device_29,2026-04-22T05:49:55.275407,52.37
device_29,2026-04-22T05:48:55.275407,56.29
device_30,2026-04-22T06:37:55.275407,52.73
device_30,2026-04-22T06:36:55.275407,58.41
device_30,2026-04-22T06:35:55.275407,50.81
device_30,2026-04-22T06:34:55.275407,55.25
device_30,2026-04-22T06:33:55.275407,52.54
device_30,2026-04-22T06:32:55.275407,57.26
device_30,2026-04-22T06:31:55.275407,54.2
device_30,2026-04-22T06:30:55.275407,58.74
device_30,2026-04-22T06:29:55.275407,53.51
device_30,2026-04-22T06:28:55.275407,55.42
device_30,2026-04-22T06:27:55.275407,54.98
device_30,2026-04-22T06:26:55.275407,55.23
device_30,2026-04-22T06:25:55.275407,55.38
device_30,2026-04-22T06:24:55.275407,49.2
device_30,2026-04-22T06:23:55.275407,57.39
device_30,2026-04-22T06:22:55.275407,60.29
device_30,2026-04-22T06:21:55.275407,56.25
device_30,2026-04-22T06:20:55.275407,59.98
device_30,2026-04-22T06:19:55.275407,59.17
device_30,2026-04-22T06:18:55.275407,60.23
device_30,2026-04-22T06:17:55.275407,52.72
device_30,2026-04-22T06:16:55.275407,48.08
device_30,2026-04-22T06:15:55.275407,56.1
device_30,2026-04-22T06:14:55.275407,54.68
device_30,2026-04-22T06:13:55.275407,48.09
device_30,2026-04-22T06:12:55.275407,57.76
device_30,2026-04-22T06:11:55.275407,57.15
device_30,2026-04-22T06:10:55.275407,58.83
device_30,2026-04-22T06:09:55.275407,57.42
device_30,2026-04-22T06:08:55.275407,52.56
device_30,2026-04-22T06:07:55.275407,52.64
device_30,2026-04-22T06:06:55.275407,52.71
device_30,2026-04-22T06:05:55.275407,51.62
device_30,2026-04-22T06:04:55.275407,57.5
device_30,2026-04-22T06:03:55.275407,54.65
device_30,2026-04-22T06:02:55.275407,60.82
device_30,2026-04-22T06:01:55.275407,50.71
device_30,2026-04-22T06:00:55.275407,56.89
device_30,2026-04-22T05:59:55.275407,50.55
device_30,2026-04-22T05:58:55.275407,56.81
device_30,2026-04-22T05:57:55.275407,56.39
device_30,2026-04-22T05:56:55.275407,50.69
device_30,2026-04-22T05:55:55.275407,53.46
device_30,2026-04-22T05:54:55.275407,61.49
device_30,2026-04-22T05:53:55.275407,50.76
device_30,2026-04-22T05:52:55.275407,53.52
device_30,2026-04-22T05:51:55.275407,55.92
device_30,2026-04-22T05:50:55.275407,63.43
device_30,2026-04-22T05:49:55.275407,57.16
device_30,2026-04-22T05:48:55.275407,56.49
device_31,2026-04-22T06:37:55.275407,50.78
device_31,2026-04-22T06:36:55.275407,58.71
device_31,2026-04-22T06:35:55.275407,51.71
device_31,2026-04-22T06:34:55.275407,56.35
device_31,2026-04-22T06:33:55.275407,60.42
device_31,2026-04-22T06:32:55.275407,59.33
device_31,2026-04-22T06:31:55.275407,51.21
device_31,2026-04-22T06:30:55.275407,53.2
device_31,2026-04-22T06:29:55.275407,47.9
device_31,2026-04-22T06:28:55.275407,55.27
device_31,2026-04-22T06:27:55.275407,51.74
device_31,2026-04-22T06:26:55.275407,48.06
device_31,2026-04-22T06:25:55.275407,53.34
device_31,2026-04-22T06:24:55.275407,57.24
device_31,2026-04-22T06:23:55.275407,50.79
device_31,2026-04-22T06:22:55.275407,53.1
device_31,2026-04-22T06:21:55.275407,62.76
device_31,2026-04-22T06:20:55.275407,49.27
device_31,2026-04-22T06:19:55.275407,58.41
device_31,2026-04-22T06:18:55.275407,53.1
device_31,2026-04-22T06:17:55.275407,51.62
device_31,2026-04-22T06:16:55.275407,61.1
device_31,2026-04-22T06:15:55.275407,53.69
device_31,2026-04-22T06:14:55.275407,52.6
device_31,2026-04-22T06:13:55.275407,52.05
device_31,2026-04-22T06:12:55.275407,53.58
device_31,2026-04-22T06:11:55.275407,58.21
device_31,2026-04-22T06:10:55.275407,53.82
device_31,2026-04-22T06:09:55.275407,51.99
device_31,2026-04-22T06:08:55.275407,59.06
device_31,2026-04-22T06:07:55.275407,47.3
device_31,2026-04-22T06:06:55.275407,48.86
device_31,2026-04-22T06:05:55.275407,52.45
device_31,2026-04-22T06:04:55.275407,51.21
device_31,2026-04-22T06:03:55.275407,46.39
device_31,2026-04-22T06:02:55.275407,56.75
device_31,2026-04-22T06:01:55.275407,60.31
device_31,2026-04-22T06:00:55.275407,56.84
device_31,2026-04-22T05:59:55.275407,64.57
device_31,2026-04-22T05:58:55.275407,46.17
device_31,2026-04-22T05:57:55.275407,51.3
device_31,2026-04-22T05:56:55.275407,60.51
device_31,2026-04-22T05:55:55.275407,46.74
device_31,2026-04-22T05:54:55.275407,54.67
device_31,2026-04-22T05:53:55.275407,49.41
device_31,2026-04-22T05:52:55.275407,56.4
device_31,2026-04-22T05:51:55.275407,52.86
device_31,2026-04-22T05:50:55.275407,56.26
device_31,2026-04-22T05:49:55.275407,48.85
device_31,2026-04-22T05:48:55.275407,51.21
device_32,2026-04-22T06:37:55.275407,48.44
device_32,2026-04-22T06:36:55.275407,57.98
device_32,2026-04-22T06:35:55.275407,57.86
device_32,2026-04-22T06:34:55.275407,52.04
device_32,2026-04-22T06:33:55.275407,50.47
device_32,2026-04-22T06:32:55.275407,51.02
device_32,2026-04-22T06:31:55.275407,53.88
device_32,2026-04-22T06:30:55.275407,57.64
device_32,2026-04-22T06:29:55.275407,62.52
device_32,2026-04-22T06:28:55.275407,54.77
device_32,2026-04-22T06:27:55.275407,63.79
device_32,2026-04-22T06:26:55.275407,59.62
device_32,2026-04-22T06:25:55.275407,53.73
device_32,2026-04-22T06:24:55.275407,61.05
device_32,2026-04-22T06:23:55.275407,56.81
device_32,2026-04-22T06:22:55.275407,57.33
device_32,2026-04-22T06:21:55.275407,58.23
device_32,2026-04-22T06:20:55.275407,55.82
device_32,2026-04-22T06:19:55.275407,53.21
device_32,2026-04-22T06:18:55.275407,53.2
device_32,2026-04-22T06:17:55.275407,53.05
device_32,2026-04-22T06:16:55.275407,52.7
device_32,2026-04-22T06:15:55.275407,58.57
device_32,2026-04-22T06:14:55.275407,59.18
device_32,2026-04-22T06:13:55.275407,46.85
device_32,2026-04-22T06:12:55.275407,52.42
device_32,2026-04-22T06:11:55.275407,56.35
device_32,2026-04-22T06:10:55.275407,50.94
device_32,2026-04-22T06:09:55.275407,53.02
device_32,2026-04-22T06:08:55.275407,53.07
device_32,2026-04-22T06:07:55.275407,53.6
device_32,2026-04-22T06:06:55.275407,56.82
device_32,2026-04-22T06:05:55.275407,50.59
device_32,2026-04-22T06:04:55.275407,63.1
device_32,2026-04-22T06:03:55.275407,55.18
device_32,2026-04-22T06:02:55.275407,52.29
device_32,2026-04-22T06:01:55.275407,58.38
device_32,2026-04-22T06:00:55.275407,54.94
device_32,2026-04-22T05:59:55.275407,54.17
device_32,2026-04-22T05:58:55.275407,57.43
device_32,2026-04-22T05:57:55.275407,59.38
device_32,2026-04-22T05:56:55.275407,54.39
device_32,2026-04-22T05:55:55.275407,56.26
device_32,2026-04-22T05:54:55.275407,54.65
device_32,2026-04-22T05:53:55.275407,55.82
device_32,2026-04-22T05:52:55.275407,61.15
device_32,2026-04-22T05:51:55.275407,60.93
device_32,2026-04-22T05:50:55.275407,61.43
device_32,2026-04-22T05:49:55.275407,48.22
device_32,2026-04-22T05:48:55.275407,57.96
device_33,2026-04-22T06:37:55.275407,50.23
device_33,2026-04-22T06:36:55.275407,55.27
device_33,2026-04-22T06:35:55.275407,48.51
device_33,2026-04-22T06:34:55.275407,45.75
device_33,2026-04-22T06:33:55.275407,52.39
device_33,2026-04-22T06:32:55.275407,56.18
device_33,2026-04-22T06:31:55.275407,61.53
device_33,2026-04-22T06:30:55.275407,49.72
device_33,2026-04-22T06:29:55.275407,56.16
device_33,2026-04-22T06:28:55.275407,58.01
device_33,2026-04-22T06:27:55.275407,52.99
device_33,2026-04-22T06:26:55.275407,55.29
device_33,2026-04-22T06:25:55.275407,57.35
device_33,2026-04-22T06:24:55.275407,59.26
device_33,2026-04-22T06:23:55.275407,51.37
device_33,2026-04-22T06:22:55.275407,57.63
device_33,2026-04-22T06:21:55.275407,52.03
device_33,2026-04-22T06:20:55.275407,56.33
device_33,2026-04-22T06:19:55.275407,52.71
device_33,2026-04-22T06:18:55.275407,62.33
device_33,2026-04-22T06:17:55.275407,54.61
device_33,2026-04-22T06:16:55.275407,60.58
device_33,2026-04-22T06:15:55.275407,58.17
device_33,2026-04-22T06:14:55.275407,55.15
device_33,2026-04-22T06:13:55.275407,51.95
device_33,2026-04-22T06:12:55.275407,52.39
device_33,2026-04-22T06:11:55.275407,54.68
device_33,2026-04-22T06:10:55.275407,55.58
device_33,2026-04-22T06:09:55.275407,50.83
device_33,2026-04-22T06:08:55.275407,52.31
device_33,2026-04-22T06:07:55.275407,51.95
device_33,2026-04-22T06:06:55.275407,50.71
device_33,2026-04-22T06:05:55.275407,53.17
device_33,2026-04-22T06:04:55.275407,49.78
device_33,2026-04-22T06:03:55.275407,48.71
device_33,2026-04-22T06:02:55.275407,52.92
device_33,2026-04-22T06:01:55.275407,56.64
device_33,2026-04-22T06:00:55.275407,50.46
device_33,2026-04-22T05:59:55.275407,56.68
device_33,2026-04-22T05:58:55.275407,53.78
device_33,2026-04-22T05:57:55.275407,56.14
device_33,2026-04-22T05:56:55.275407,55.25
device_33,2026-04-22T05:55:55.275407,48.95
device_33,2026-04-22T05:54:55.275407,53.53
device_33,2026-04-22T05:53:55.275407,51.07
device_33,2026-04-22T05:52:55.275407,49.04
device_33,2026-04-22T05:51:55.275407,56.65
device_33,2026-04-22T05:50:55.275407,55.39
device_33,2026-04-22T05:49:55.275407,50.57
device_33,2026-04-22T05:48:55.275407,51.32
device_34,2026-04-22T06:37:55.275407,62.29
device_34,2026-04-22T06:36:55.275407,51.97
device_34,2026-04-22T06:35:55.275407,51.12
device_34,2026-04-22T06:34:55.275407,50.87
device_34,2026-04-22T06:33:55.275407,53.95
device_34,2026-04-22T06:32:55.275407,48.3
device_34,2026-04-22T06:31:55.275407,53.11
device_34,2026-04-22T06:30:55.275407,57.49
device_34,2026-04-22T06:29:55.275407,61.76
device_34,2026-04-22T06:28:55.275407,56.73
device_34,2026-04-22T06:27:55.275407,54.26
device_34,2026-04-22T06:26:55.275407,55.93
device_34,2026-04-22T06:25:55.275407,55.8
device_34,2026-04-22T06:24:55.275407,59.11
device_34,2026-04-22T06:23:55.275407,59.54
device_34,2026-04-22T06:22:55.275407,55.45
device_34,2026-04-22T06:21:55.275407,60.22
device_34,2026-04-22T06:20:55.275407,51.79
device_34,2026-04-22T06:19:55.275407,52.27
device_34,2026-04-22T06:18:55.275407,57.8
device_34,2026-04-22T06:17:55.275407,49.73
device_34,2026-04-22T06:16:55.275407,52.18
device_34,2026-04-22T06:15:55.275407,55.82
device_34,2026-04-22T06:14:55.275407,55.44
device_34,2026-04-22T06:13:55.275407,51.16
device_34,2026-04-22T06:12:55.275407,56.08
device_34,2026-04-22T06:11:55.275407,52.25
device_34,2026-04-22T06:10:55.275407,54.31
device_34,2026-04-22T06:09:55.275407,45.93
device_34,2026-04-22T06:08:55.275407,58.96
device_34,2026-04-22T06:07:55.275407,47.31
device_34,2026-04-22T06:06:55.275407,50.19
device_34,2026-04-22T06:05:55.275407,51.23
device_34,2026-04-22T06:04:55.275407,48.74
device_34,2026-04-22T06:03:55.275407,57.77
device_34,2026-04-22T06:02:55.275407,56.04
device_34,2026-04-22T06:01:55.275407,57.1
device_34,2026-04-22T06:00:55.275407,53.77
device_34,2026-04-22T05:59:55.275407,58.1
device_34,2026-04-22T05:58:55.275407,54.95
device_34,2026-04-22T05:57:55.275407,56.54
device_34,2026-04-22T05:56:55.275407,57.08
device_34,2026-04-22T05:55:55.275407,51.25
device_34,2026-04-22T05:54:55.275407,54.16
device_34,2026-04-22T05:53:55.275407,56.37
device_34,2026-04-22T05:52:55.275407,60.44
device_34,2026-04-22T05:51:55.275407,54.47
device_34,2026-04-22T05:50:55.275407,57.88
device_34,2026-04-22T05:49:55.275407,56.62
device_34,2026-04-22T05:48:55.275407,60.22
device_35,2026-04-22T06:37:55.275407,55.81
device_35,2026-04-22T06:36:55.275407,57.68
device_35,2026-04-22T06:35:55.275407,54.36
device_35,2026-04-22T06:34:55.275407,52.16
device_35,2026-04-22T06:33:55.275407,57.67
device_35,2026-04-22T06:32:55.275407,51.81
device_35,2026-04-22T06:31:55.275407,49.23
device_35,2026-04-22T06:30:55.275407,50.98
device_35,2026-04-22T06:29:55.275407,53.24
device_35,2026-04-22T06:28:55.275407,56.95
device_35,2026-04-22T06:27:55.275407,55.04
device_35,2026-04-22T06:26:55.275407,54.64
device_35,2026-04-22T06:25:55.275407,53.89
device_35,2026-04-22T06:24:55.275407,54.69
device_35,2026-04-22T06:23:55.275407,53.57
device_35,2026-04-22T06:22:55.275407,49.42
device_35,2026-04-22T06:21:55.275407,55.02
device_35,2026-04-22T06:20:55.275407,58.53
device_35,2026-04-22T06:19:55.275407,62.41
device_35,2026-04-22T06:18:55.275407,58.17
device_35,2026-04-22T06:17:55.275407,58.6
device_35,2026-04-22T06:16:55.275407,51.17
device_35,2026-04-22T06:15:55.275407,57.22
device_35,2026-04-22T06:14:55.275407,48.98
device_35,2026-04-22T06:13:55.275407,51.79
device_35,2026-04-22T06:12:55.275407,51.04
device_35,2026-04-22T06:11:55.275407,54.67
device_35,2026-04-22T06:10:55.275407,60.74
device_35,2026-04-22T06:09:55.275407,53.99
device_35,2026-04-22T06:08:55.275407,57.68
device_35,2026-04-22T06:07:55.275407,52.92
device_35,2026-04-22T06:06:55.275407,58.47
device_35,2026-04-22T06:05:55.275407,50.99
device_35,2026-04-22T06:04:55.275407,56.05
device_35,2026-04-22T06:03:55.275407,50.91
device_35,2026-04-22T06:02:55.275407,54.09
device_35,2026-04-22T06:01:55.275407,60.45
device_35,2026-04-22T06:00:55.275407,54.07
device_35,2026-04-22T05:59:55.275407,58.77
device_35,2026-04-22T05:58:55.275407,51.42
device_35,2026-04-22T05:57:55.275407,52.85
device_35,2026-04-22T05:56:55.275407,58.66
device_35,2026-04-22T05:55:55.275407,54.92
device_35,2026-04-22T05:54:55.275407,55.6
device_35,2026-04-22T05:53:55.275407,52.46
device_35,2026-04-22T05:52:55.275407,52.42
device_35,2026-04-22T05:51:55.275407,48.51
device_35,2026-04-22T05:50:55.275407,57.26
device_35,2026-04-22T05:49:55.275407,60.15
device_35,2026-04-22T05:48:55.275407,52.25
device_36,2026-04-22T06:37:55.275407,57.6
device_36,2026-04-22T06:36:55.275407,52.29
device_36,2026-04-22T06:35:55.275407,59.7
device_36,2026-04-22T06:34:55.275407,58.08
device_36,2026-04-22T06:33:55.275407,54.09
device_36,2026-04-22T06:32:55.275407,59.2
device_36,2026-04-22T06:31:55.275407,50.91
device_36,2026-04-22T06:30:55.275407,57.29
device_36,2026-04-22T06:29:55.275407,47.27
device_36,2026-04-22T06:28:55.275407,56.69
device_36,2026-04-22T06:27:55.275407,62.06
device_36,2026-04-22T06:26:55.275407,54.31
device_36,2026-04-22T06:25:55.275407,56.84
device_36,2026-04-22T06:24:55.275407,50.34
device_36,2026-04-22T06:23:55.275407,61.93
device_36,2026-04-22T06:22:55.275407,53.9
device_36,2026-04-22T06:21:55.275407,47.02
device_36,2026-04-22T06:20:55.275407,55.02
device_36,2026-04-22T06:19:55.275407,51.81
device_36,2026-04-22T06:18:55.275407,58.96
device_36,2026-04-22T06:17:55.275407,61.75
device_36,2026-04-22T06:16:55.275407,57.76
device_36,2026-04-22T06:15:55.275407,53.08
device_36,2026-04-22T06:14:55.275407,47.74
device_36,2026-04-22T06:13:55.275407,59.78
device_36,2026-04-22T06:12:55.275407,48.35
device_36,2026-04-22T06:11:55.275407,48.85
device_36,2026-04-22T06:10:55.275407,55.5
device_36,2026-04-22T06:09:55.275407,53.22
device_36,2026-04-22T06:08:55.275407,54.07
device_36,2026-04-22T06:07:55.275407,55.08
device_36,2026-04-22T06:06:55.275407,54.74
device_36,2026-04-22T06:05:55.275407,56.49
device_36,2026-04-22T06:04:55.275407,47.69
device_36,2026-04-22T06:03:55.275407,54.69
device_36,2026-04-22T06:02:55.275407,56.11
device_36,2026-04-22T06:01:55.275407,52.97
device_36,2026-04-22T06:00:55.275407,58.86
device_36,2026-04-22T05:59:55.275407,57.32
device_36,2026-04-22T05:58:55.275407,61.94
device_36,2026-04-22T05:57:55.275407,53.65
device_36,2026-04-22T05:56:55.275407,56.03
device_36,2026-04-22T05:55:55.275407,55.53
device_36,2026-04-22T05:54:55.275407,60.41
device_36,2026-04-22T05:53:55.275407,56.15
device_36,2026-04-22T05:52:55.275407,55.67
device_36,2026-04-22T05:51:55.275407,52.66
device_36,2026-04-22T05:50:55.275407,50.85
device_36,2026-04-22T05:49:55.275407,55.26
device_36,2026-04-22T05:48:55.275407,56.85
device_37,2026-04-22T06:37:55.275407,54.04
device_37,2026-04-22T06:36:55.275407,56.43
device_37,2026-04-22T06:35:55.275407,53.24
device_37,2026-04-22T06:34:55.275407,50.6
device_37,2026-04-22T06:33:55.275407,51.04
device_37,2026-04-22T06:32:55.275407,54.69
device_37,2026-04-22T06:31:55.275407,55.52
device_37,2026-04-22T06:30:55.275407,51.61
device_37,2026-04-22T06:29:55.275407,56.91
device_37,2026-04-22T06:28:55.275407,56.34
device_37,2026-04-22T06:27:55.275407,55.89
device_37,2026-04-22T06:26:55.275407,60.87
device_37,2026-04-22T06:25:55.275407,59.77
device_37,2026-04-22T06:24:55.275407,55.16
device_37,2026-04-22T06:23:55.275407,58.28
device_37,2026-04-22T06:22:55.275407,54.09
device_37,2026-04-22T06:21:55.275407,54.12
device_37,2026-04-22T06:20:55.275407,53.17
device_37,2026-04-22T06:19:55.275407,55.22
device_37,2026-04-22T06:18:55.275407,59.67
device_37,2026-04-22T06:17:55.275407,56.86
device_37,2026-04-22T06:16:55.275407,52.0
device_37,2026-04-22T06:15:55.275407,51.75
device_37,2026-04-22T06:14:55.275407,45.46
device_37,2026-04-22T06:13:55.275407,58.2
device_37,2026-04-22T06:12:55.275407,54.44
device_37,2026-04-22T06:11:55.275407,53.82
device_37,2026-04-22T06:10:55.275407,61.88
device_37,2026-04-22T06:09:55.275407,63.83
device_37,2026-04-22T06:08:55.275407,53.53
device_37,2026-04-22T06:07:55.275407,53.91
device_37,2026-04-22T06:06:55.275407,56.0
device_37,2026-04-22T06:05:55.275407,53.57
device_37,2026-04-22T06:04:55.275407,52.87
device_37,2026-04-22T06:03:55.275407,51.02
device_37,2026-04-22T06:02:55.275407,58.56
device_37,2026-04-22T06:01:55.275407,51.97
device_37,2026-04-22T06:00:55.275407,48.71
device_37,2026-04-22T05:59:55.275407,49.01
device_37,2026-04-22T05:58:55.275407,49.03
device_37,2026-04-22T05:57:55.275407,56.73
device_37,2026-04-22T05:56:55.275407,53.95
device_37,2026-04-22T05:55:55.275407,58.48
device_37,2026-04-22T05:54:55.275407,52.33
device_37,2026-04-22T05:53:55.275407,49.22
device_37,2026-04-22T05:52:55.275407,63.12
device_37,2026-04-22T05:51:55.275407,48.72
device_37,2026-04-22T05:50:55.275407,64.58
device_37,2026-04-22T05:49:55.275407,53.78
device_37,2026-04-22T05:48:55.275407,58.92
device_38,2026-04-22T06:37:55.275407,53.45
device_38,2026-04-22T06:36:55.275407,50.67
device_38,2026-04-22T06:35:55.275407,54.72
device_38,2026-04-22T06:34:55.275407,57.89
device_38,2026-04-22T06:33:55.275407,58.83
device_38,2026-04-22T06:32:55.275407,58.9
device_38,2026-04-22T06:31:55.275407,61.22
device_38,2026-04-22T06:30:55.275407,46.02
device_38,2026-04-22T06:29:55.275407,57.83
device_38,2026-04-22T06:28:55.275407,47.23
device_38,2026-04-22T06:27:55.275407,54.15
device_38,2026-04-22T06:26:55.275407,54.37
device_38,2026-04-22T06:25:55.275407,57.76
device_38,2026-04-22T06:24:55.275407,48.31
device_38,2026-04-22T06:23:55.275407,56.51
device_38,2026-04-22T06:22:55.275407,57.95
device_38,2026-04-22T06:21:55.275407,58.2
device_38,2026-04-22T06:20:55.275407,52.81
device_38,2026-04-22T06:19:55.275407,54.29
device_38,2026-04-22T06:18:55.275407,60.37
device_38,2026-04-22T06:17:55.275407,55.56
device_38,2026-04-22T06:16:55.275407,49.14
device_38,2026-04-22T06:15:55.275407,58.84
device_38,2026-04-22T06:14:55.275407,64.36
device_38,2026-04-22T06:13:55.275407,54.38
device_38,2026-04-22T06:12:55.275407,57.89
device_38,2026-04-22T06:11:55.275407,50.62
device_38,2026-04-22T06:10:55.275407,56.42
device_38,2026-04-22T06:09:55.275407,52.24
device_38,2026-04-22T06:08:55.275407,56.58
device_38,2026-04-22T06:07:55.275407,57.41
device_38,2026-04-22T06:06:55.275407,54.84
device_38,2026-04-22T06:05:55.275407,50.81
device_38,2026-04-22T06:04:55.275407,55.4
device_38,2026-04-22T06:03:55.275407,61.23
device_38,2026-04-22T06:02:55.275407,52.52
device_38,2026-04-22T06:01:55.275407,54.2
device_38,2026-04-22T06:00:55.275407,57.62
device_38,2026-04-22T05:59:55.275407,61.57
device_38,2026-04-22T05:58:55.275407,57.72
device_38,2026-04-22T05:57:55.275407,56.69
device_38,2026-04-22T05:56:55.275407,49.32
device_38,2026-04-22T05:55:55.275407,56.62
device_38,2026-04-22T05:54:55.275407,57.84
device_38,2026-04-22T05:53:55.275407,52.93
device_38,2026-04-22T05:52:55.275407,54.96
device_38,2026-04-22T05:51:55.275407,52.49
device_38,2026-04-22T05:50:55.275407,48.82
device_38,2026-04-22T05:49:55.275407,49.41
device_38,2026-04-22T05:48:55.275407,61.39
device_39,2026-04-22T06:37:55.275407,55.39
device_39,2026-04-22T06:36:55.275407,51.4
device_39,2026-04-22T06:35:55.275407,48.08
device_39,2026-04-22T06:34:55.275407,55.06
device_39,2026-04-22T06:33:55.275407,50.07
device_39,2026-04-22T06:32:55.275407,54.3
device_39,2026-04-22T06:31:55.275407,56.95
device_39,2026-04-22T06:30:55.275407,55.5
device_39,2026-04-22T06:29:55.275407,53.72
device_39,2026-04-22T06:28:55.275407,50.78
device_39,2026-04-22T06:27:55.275407,54.53
device_39,2026-04-22T06:26:55.275407,54.13
device_39,2026-04-22T06:25:55.275407,51.99
device_39,2026-04-22T06:24:55.275407,45.82
device_39,2026-04-22T06:23:55.275407,54.31
device_39,2026-04-22T06:22:55.275407,54.2
device_39,2026-04-22T06:21:55.275407,51.26
device_39,2026-04-22T06:20:55.275407,52.83
device_39,2026-04-22T06:19:55.275407,55.55
device_39,2026-04-22T06:18:55.275407,55.01
device_39,2026-04-22T06:17:55.275407,49.81
device_39,2026-04-22T06:16:55.275407,63.01
device_39,2026-04-22T06:15:55.275407,58.14
device_39,2026-04-22T06:14:55.275407,60.55
device_39,2026-04-22T06:13:55.275407,52.61
device_39,2026-04-22T06:12:55.275407,57.14
device_39,2026-04-22T06:11:55.275407,56.35
device_39,2026-04-22T06:10:55.275407,54.21
device_39,2026-04-22T06:09:55.275407,61.83
device_39,2026-04-22T06:08:55.275407,51.0
device_39,2026-04-22T06:07:55.275407,51.01
device_39,2026-04-22T06:06:55.275407,53.59
device_39,2026-04-22T06:05:55.275407,54.42
device_39,2026-04-22T06:04:55.275407,57.21
device_39,2026-04-22T06:03:55.275407,50.95
device_39,2026-04-22T06:02:55.275407,52.31
device_39,2026-04-22T06:01:55.275407,56.47
device_39,2026-04-22T06:00:55.275407,51.59
device_39,2026-04-22T05:59:55.275407,54.53
device_39,2026-04-22T05:58:55.275407,54.56
device_39,2026-04-22T05:57:55.275407,53.9
device_39,2026-04-22T05:56:55.275407,61.71
device_39,2026-04-22T05:55:55.275407,52.85
device_39,2026-04-22T05:54:55.275407,50.8
device_39,2026-04-22T05:53:55.275407,48.27
device_39,2026-04-22T05:52:55.275407,58.44
device_39,2026-04-22T05:51:55.275407,58.19
device_39,2026-04-22T05:50:55.275407,62.43
device_39,2026-04-22T05:49:55.275407,56.3
device_39,2026-04-22T05:48:55.275407,62.26
device_40,2026-04-22T06:37:55.275407,54.01
device_40,2026-04-22T06:36:55.275407,52.73
device_40,2026-04-22T06:35:55.275407,47.67
device_40,2026-04-22T06:34:55.275407,47.26
device_40,2026-04-22T06:33:55.275407,53.03
device_40,2026-04-22T06:32:55.275407,57.12
device_40,2026-04-22T06:31:55.275407,59.21
device_40,2026-04-22T06:30:55.275407,54.9
device_40,2026-04-22T06:29:55.275407,46.71
device_40,2026-04-22T06:28:55.275407,58.57
device_40,2026-04-22T06:27:55.275407,54.79
device_40,2026-04-22T06:26:55.275407,51.59
device_40,2026-04-22T06:25:55.275407,55.25
device_40,2026-04-22T06:24:55.275407,47.9
device_40,2026-04-22T06:23:55.275407,47.91
device_40,2026-04-22T06:22:55.275407,45.98
device_40,2026-04-22T06:21:55.275407,59.42
device_40,2026-04-22T06:20:55.275407,57.58
device_40,2026-04-22T06:19:55.275407,55.87
device_40,2026-04-22T06:18:55.275407,51.53
device_40,2026-04-22T06:17:55.275407,52.54
device_40,2026-04-22T06:16:55.275407,57.7
device_40,2026-04-22T06:15:55.275407,55.62
device_40,2026-04-22T06:14:55.275407,60.13
device_40,2026-04-22T06:13:55.275407,55.51
device_40,2026-04-22T06:12:55.275407,51.35
device_40,2026-04-22T06:11:55.275407,61.84
device_40,2026-04-22T06:10:55.275407,58.15
device_40,2026-04-22T06:09:55.275407,56.37
device_40,2026-04-22T06:08:55.275407,51.36
device_40,2026-04-22T06:07:55.275407,51.93
device_40,2026-04-22T06:06:55.275407,57.28
device_40,2026-04-22T06:05:55.275407,57.13
device_40,2026-04-22T06:04:55.275407,47.68
device_40,2026-04-22T06:03:55.275407,52.15
device_40,2026-04-22T06:02:55.275407,60.07
device_40,2026-04-22T06:01:55.275407,56.81
device_40,2026-04-22T06:00:55.275407,50.1
device_40,2026-04-22T05:59:55.275407,48.27
device_40,2026-04-22T05:58:55.275407,56.63
device_40,2026-04-22T05:57:55.275407,57.56
device_40,2026-04-22T05:56:55.275407,51.42
device_40,2026-04-22T05:55:55.275407,53.84
device_40,2026-04-22T05:54:55.275407,63.86
device_40,2026-04-22T05:53:55.275407,47.35
device_40,2026-04-22T05:52:55.275407,46.78
device_40,2026-04-22T05:51:55.275407,63.45
device_40,2026-04-22T05:50:55.275407,58.67
device_40,2026-04-22T05:49:55.275407,54.5
device_40,2026-04-22T05:48:55.275407,56.17
device_41,2026-04-22T06:37:55.275407,51.48
device_41,2026-04-22T06:36:55.275407,50.65
device_41,2026-04-22T06:35:55.275407,57.95
device_41,2026-04-22T06:34:55.275407,58.94
device_41,2026-04-22T06:33:55.275407,55.25
device_41,2026-04-22T06:32:55.275407,55.53
device_41,2026-04-22T06:31:55.275407,47.57
device_41,2026-04-22T06:30:55.275407,53.89
device_41,2026-04-22T06:29:55.275407,58.23
device_41,2026-04-22T06:28:55.275407,52.34
device_41,2026-04-22T06:27:55.275407,62.44
device_41,2026-04-22T06:26:55.275407,55.95
device_41,2026-04-22T06:25:55.275407,57.24
device_41,2026-04-22T06:24:55.275407,45.88
device_41,2026-04-22T06:23:55.275407,61.58
device_41,2026-04-22T06:22:55.275407,50.07
device_41,2026-04-22T06:21:55.275407,60.75
device_41,2026-04-22T06:20:55.275407,58.07
device_41,2026-04-22T06:19:55.275407,51.58
device_41,2026-04-22T06:18:55.275407,54.13
device_41,2026-04-22T06:17:55.275407,59.47
device_41,2026-04-22T06:16:55.275407,61.13
device_41,2026-04-22T06:15:55.275407,49.86
device_41,2026-04-22T06:14:55.275407,60.49
device_41,2026-04-22T06:13:55.275407,46.72
device_41,2026-04-22T06:12:55.275407,56.21
device_41,2026-04-22T06:11:55.275407,50.28
device_41,2026-04-22T06:10:55.275407,48.6
device_41,2026-04-22T06:09:55.275407,59.66
device_41,2026-04-22T06:08:55.275407,53.26
device_41,2026-04-22T06:07:55.275407,53.2
device_41,2026-04-22T06:06:55.275407,56.13
device_41,2026-04-22T06:05:55.275407,52.48
device_41,2026-04-22T06:04:55.275407,58.85
device_41,2026-04-22T06:03:55.275407,55.12
device_41,2026-04-22T06:02:55.275407,54.34
device_41,2026-04-22T06:01:55.275407,55.07
device_41,2026-04-22T06:00:55.275407,61.22
device_41,2026-04-22T05:59:55.275407,61.25
device_41,2026-04-22T05:58:55.275407,52.68
device_41,2026-04-22T05:57:55.275407,52.11
device_41,2026-04-22T05:56:55.275407,58.01
device_41,2026-04-22T05:55:55.275407,59.63
device_41,2026-04-22T05:54:55.275407,56.24
device_41,2026-04-22T05:53:55.275407,61.89
device_41,2026-04-22T05:52:55.275407,50.44
device_41,2026-04-22T05:51:55.275407,55.28
device_41,2026-04-22T05:50:55.275407,52.87
device_41,2026-04-22T05:49:55.275407,57.46
device_41,2026-04-22T05:48:55.275407,61.42
device_42,2026-04-22T06:37:55.275407,62.19
device_42,2026-04-22T06:36:55.275407,62.15
device_42,2026-04-22T06:35:55.275407,58.34
device_42,2026-04-22T06:34:55.275407,58.87
device_42,2026-04-22T06:33:55.275407,56.15
device_42,2026-04-22T06:32:55.275407,53.29
device_42,2026-04-22T06:31:55.275407,52.11
device_42,2026-04-22T06:30:55.275407,51.98
device_42,2026-04-22T06:29:55.275407,54.32
device_42,2026-04-22T06:28:55.275407,55.85
device_42,2026-04-22T06:27:55.275407,57.96
device_42,2026-04-22T06:26:55.275407,61.75
device_42,2026-04-22T06:25:55.275407,62.61
device_42,2026-04-22T06:24:55.275407,49.69
device_42,2026-04-22T06:23:55.275407,52.95
device_42,2026-04-22T06:22:55.275407,61.29
device_42,2026-04-22T06:21:55.275407,46.89
device_42,2026-04-22T06:20:55.275407,59.98
device_42,2026-04-22T06:19:55.275407,60.74
device_42,2026-04-22T06:18:55.275407,52.55
device_42,2026-04-22T06:17:55.275407,57.09
device_42,2026-04-22T06:16:55.275407,55.01
device_42,2026-04-22T06:15:55.275407,46.16
device_42,2026-04-22T06:14:55.275407,50.69
device_42,2026-04-22T06:13:55.275407,56.9
device_42,2026-04-22T06:12:55.275407,59.27
device_42,2026-04-22T06:11:55.275407,55.91
device_42,2026-04-22T06:10:55.275407,59.14
device_42,2026-04-22T06:09:55.275407,57.87
device_42,2026-04-22T06:08:55.275407,58.22
device_42,2026-04-22T06:07:55.275407,54.89
device_42,2026-04-22T06:06:55.275407,62.62
device_42,2026-04-22T06:05:55.275407,48.96
device_42,2026-04-22T06:04:55.275407,51.59
device_42,2026-04-22T06:03:55.275407,63.39
device_42,2026-04-22T06:02:55.275407,52.55
device_42,2026-04-22T06:01:55.275407,58.44
device_42,2026-04-22T06:00:55.275407,56.4
device_42,2026-04-22T05:59:55.275407,57.77
device_42,2026-04-22T05:58:55.275407,52.8
device_42,2026-04-22T05:57:55.275407,64.55
device_42,2026-04-22T05:56:55.275407,49.86
device_42,2026-04-22T05:55:55.275407,52.13
device_42,2026-04-22T05:54:55.275407,50.52
device_42,2026-04-22T05:53:55.275407,58.35
device_42,2026-04-22T05:52:55.275407,56.28
device_42,2026-04-22T05:51:55.275407,53.72
device_42,2026-04-22T05:50:55.275407,61.62
device_42,2026-04-22T05:49:55.275407,51.69
device_42,2026-04-22T05:48:55.275407,61.4
device_43,2026-04-22T06:37:55.275407,60.42
device_43,2026-04-22T06:36:55.275407,51.58
device_43,2026-04-22T06:35:55.275407,58.33
device_43,2026-04-22T06:34:55.275407,51.4
device_43,2026-04-22T06:33:55.275407,52.31
device_43,2026-04-22T06:32:55.275407,58.64
device_43,2026-04-22T06:31:55.275407,55.0
device_43,2026-04-22T06:30:55.275407,57.05
device_43,2026-04-22T06:29:55.275407,61.43
device_43,2026-04-22T06:28:55.275407,60.22
device_43,2026-04-22T06:27:55.275407,49.77
device_43,2026-04-22T06:26:55.275407,58.8
device_43,2026-04-22T06:25:55.275407,50.01
device_43,2026-04-22T06:24:55.275407,55.02
device_43,2026-04-22T06:23:55.275407,63.55
device_43,2026-04-22T06:22:55.275407,54.65
device_43,2026-04-22T06:21:55.275407,58.11
device_43,2026-04-22T06:20:55.275407,54.24
device_43,2026-04-22T06:19:55.275407,55.94
device_43,2026-04-22T06:18:55.275407,52.27
device_43,2026-04-22T06:17:55.275407,54.68
device_43,2026-04-22T06:16:55.275407,54.14
device_43,2026-04-22T06:15:55.275407,57.26
device_43,2026-04-22T06:14:55.275407,53.39
device_43,2026-04-22T06:13:55.275407,58.5
device_43,2026-04-22T06:12:55.275407,51.64
device_43,2026-04-22T06:11:55.275407,56.73
device_43,2026-04-22T06:10:55.275407,52.95
device_43,2026-04-22T06:09:55.275407,62.98
device_43,2026-04-22T06:08:55.275407,53.55
device_43,2026-04-22T06:07:55.275407,46.31
device_43,2026-04-22T06:06:55.275407,50.74
device_43,2026-04-22T06:05:55.275407,60.1
device_43,2026-04-22T06:04:55.275407,58.89
device_43,2026-04-22T06:03:55.275407,51.98
device_43,2026-04-22T06:02:55.275407,57.47
device_43,2026-04-22T06:01:55.275407,50.54
device_43,2026-04-22T06:00:55.275407,54.02
device_43,2026-04-22T05:59:55.275407,52.19
device_43,2026-04-22T05:58:55.275407,53.61
device_43,2026-04-22T05:57:55.275407,54.21
device_43,2026-04-22T05:56:55.275407,61.56
device_43,2026-04-22T05:55:55.275407,54.8
device_43,2026-04-22T05:54:55.275407,53.95
device_43,2026-04-22T05:53:55.275407,53.91
device_43,2026-04-22T05:52:55.275407,54.57
device_43,2026-04-22T05:51:55.275407,54.63
device_43,2026-04-22T05:50:55.275407,46.2
device_43,2026-04-22T05:49:55.275407,54.41
device_43,2026-04-22T05:48:55.275407,46.02
device_44,2026-04-22T06:37:55.275407,58.68
device_44,2026-04-22T06:36:55.275407,59.43
device_44,2026-04-22T06:35:55.275407,55.98
device_44,2026-04-22T06:34:55.275407,54.09
device_44,2026-04-22T06:33:55.275407,54.07
device_44,2026-04-22T06:32:55.275407,57.16
device_44,2026-04-22T06:31:55.275407,52.03
device_44,2026-04-22T06:30:55.275407,57.69
device_44,2026-04-22T06:29:55.275407,46.83
device_44,2026-04-22T06:28:55.275407,55.44
device_44,2026-04-22T06:27:55.275407,51.53
device_44,2026-04-22T06:26:55.275407,61.4
device_44,2026-04-22T06:25:55.275407,50.0
device_44,2026-04-22T06:24:55.275407,52.59
device_44,2026-04-22T06:23:55.275407,54.53
device_44,2026-04-22T06:22:55.275407,52.29
device_44,2026-04-22T06:21:55.275407,53.56
device_44,2026-04-22T06:20:55.275407,55.82
device_44,2026-04-22T06:19:55.275407,51.81
device_44,2026-04-22T06:18:55.275407,52.55
device_44,2026-04-22T06:17:55.275407,53.99
device_44,2026-04-22T06:16:55.275407,53.51
device_44,2026-04-22T06:15:55.275407,51.06
device_44,2026-04-22T06:14:55.275407,54.96
device_44,2026-04-22T06:13:55.275407,61.87
device_44,2026-04-22T06:12:55.275407,58.35
device_44,2026-04-22T06:11:55.275407,51.38
device_44,2026-04-22T06:10:55.275407,60.15
device_44,2026-04-22T06:09:55.275407,56.91
device_44,2026-04-22T06:08:55.275407,51.4
device_44,2026-04-22T06:07:55.275407,50.59
device_44,2026-04-22T06:06:55.275407,59.33
device_44,2026-04-22T06:05:55.275407,51.15
device_44,2026-04-22T06:04:55.275407,49.45
device_44,2026-04-22T06:03:55.275407,54.72
device_44,2026-04-22T06:02:55.275407,53.29
device_44,2026-04-22T06:01:55.275407,46.87
device_44,2026-04-22T06:00:55.275407,56.8
device_44,2026-04-22T05:59:55.275407,59.35
device_44,2026-04-22T05:58:55.275407,56.76
device_44,2026-04-22T05:57:55.275407,48.57
device_44,2026-04-22T05:56:55.275407,56.5
device_44,2026-04-22T05:55:55.275407,52.11
device_44,2026-04-22T05:54:55.275407,51.31
device_44,2026-04-22T05:53:55.275407,47.85
device_44,2026-04-22T05:52:55.275407,55.68
device_44,2026-04-22T05:51:55.275407,53.34
device_44,2026-04-22T05:50:55.275407,50.04
device_44,2026-04-22T05:49:55.275407,52.44
device_44,2026-04-22T05:48:55.275407,52.83
device_45,2026-04-22T06:37:55.275407,61.16
device_45,2026-04-22T06:36:55.275407,48.22
device_45,2026-04-22T06:35:55.275407,62.65
device_45,2026-04-22T06:34:55.275407,55.39
device_45,2026-04-22T06:33:55.275407,55.9
device_45,2026-04-22T06:32:55.275407,58.29
device_45,2026-04-22T06:31:55.275407,56.01
device_45,2026-04-22T06:30:55.275407,57.46
device_45,2026-04-22T06:29:55.275407,53.01
device_45,2026-04-22T06:28:55.275407,58.07
device_45,2026-04-22T06:27:55.275407,50.67
device_45,2026-04-22T06:26:55.275407,57.54
device_45,2026-04-22T06:25:55.275407,59.38
device_45,2026-04-22T06:24:55.275407,53.83
device_45,2026-04-22T06:23:55.275407,53.28
device_45,2026-04-22T06:22:55.275407,61.13
device_45,2026-04-22T06:21:55.275407,56.91
device_45,2026-04-22T06:20:55.275407,49.79
device_45,2026-04-22T06:19:55.275407,50.35
device_45,2026-04-22T06:18:55.275407,50.15
device_45,2026-04-22T06:17:55.275407,53.64
device_45,2026-04-22T06:16:55.275407,51.86
device_45,2026-04-22T06:15:55.275407,60.18
device_45,2026-04-22T06:14:55.275407,55.67
device_45,2026-04-22T06:13:55.275407,49.93
device_45,2026-04-22T06:12:55.275407,54.96
device_45,2026-04-22T06:11:55.275407,52.78
device_45,2026-04-22T06:10:55.275407,63.45
device_45,2026-04-22T06:09:55.275407,52.4
device_45,2026-04-22T06:08:55.275407,54.31
device_45,2026-04-22T06:07:55.275407,46.17
device_45,2026-04-22T06:06:55.275407,45.74
device_45,2026-04-22T06:05:55.275407,48.9
device_45,2026-04-22T06:04:55.275407,52.95
device_45,2026-04-22T06:03:55.275407,61.85
device_45,2026-04-22T06:02:55.275407,55.47
device_45,2026-04-22T06:01:55.275407,55.45
device_45,2026-04-22T06:00:55.275407,46.27
device_45,2026-04-22T05:59:55.275407,50.18
device_45,2026-04-22T05:58:55.275407,54.95
device_45,2026-04-22T05:57:55.275407,48.87
device_45,2026-04-22T05:56:55.275407,57.09
device_45,2026-04-22T05:55:55.275407,59.1
device_45,2026-04-22T05:54:55.275407,53.88
device_45,2026-04-22T05:53:55.275407,59.16
device_45,2026-04-22T05:52:55.275407,49.44
device_45,2026-04-22T05:51:55.275407,55.09
device_45,2026-04-22T05:50:55.275407,56.53
device_45,2026-04-22T05:49:55.275407,57.44
device_45,2026-04-22T05:48:55.275407,58.87
device_46,2026-04-22T06:37:55.275407,58.09
device_46,2026-04-22T06:36:55.275407,60.59
device_46,2026-04-22T06:35:55.275407,51.82
device_46,2026-04-22T06:34:55.275407,61.08
device_46,2026-04-22T06:33:55.275407,58.78
device_46,2026-04-22T06:32:55.275407,56.47
device_46,2026-04-22T06:31:55.275407,59.02
device_46,2026-04-22T06:30:55.275407,46.17
device_46,2026-04-22T06:29:55.275407,49.76
device_46,2026-04-22T06:28:55.275407,56.58
device_46,2026-04-22T06:27:55.275407,52.68
device_46,2026-04-22T06:26:55.275407,56.72
device_46,2026-04-22T06:25:55.275407,54.42
device_46,2026-04-22T06:24:55.275407,60.8
device_46,2026-04-22T06:23:55.275407,58.72
device_46,2026-04-22T06:22:55.275407,55.48
device_46,2026-04-22T06:21:55.275407,59.97
device_46,2026-04-22T06:20:55.275407,61.32
device_46,2026-04-22T06:19:55.275407,61.7
device_46,2026-04-22T06:18:55.275407,58.6
device_46,2026-04-22T06:17:55.275407,60.95
device_46,2026-04-22T06:16:55.275407,50.53
device_46,2026-04-22T06:15:55.275407,54.29
device_46,2026-04-22T06:14:55.275407,54.25
device_46,2026-04-22T06:13:55.275407,53.1
device_46,2026-04-22T06:12:55.275407,54.29
device_46,2026-04-22T06:11:55.275407,53.21
device_46,2026-04-22T06:10:55.275407,53.87
device_46,2026-04-22T06:09:55.275407,51.81
device_46,2026-04-22T06:08:55.275407,57.41
device_46,2026-04-22T06:07:55.275407,49.08
device_46,2026-04-22T06:06:55.275407,55.45
device_46,2026-04-22T06:05:55.275407,45.89
device_46,2026-04-22T06:04:55.275407,54.39
device_46,2026-04-22T06:03:55.275407,53.62
device_46,2026-04-22T06:02:55.275407,49.98
device_46,2026-04-22T06:01:55.275407,58.31
device_46,2026-04-22T06:00:55.275407,51.26
device_46,2026-04-22T05:59:55.275407,58.25
device_46,2026-04-22T05:58:55.275407,55.8
device_46,2026-04-22T05:57:55.275407,59.39
device_46,2026-04-22T05:56:55.275407,48.55
device_46,2026-04-22T05:55:55.275407,55.34
device_46,2026-04-22T05:54:55.275407,48.09
device_46,2026-04-22T05:53:55.275407,54.03
device_46,2026-04-22T05:52:55.275407,56.14
device_46,2026-04-22T05:51:55.275407,59.12
device_46,2026-04-22T05:50:55.275407,51.62
device_46,2026-04-22T05:49:55.275407,53.89
device_46,2026-04-22T05:48:55.275407,53.82
device_47,2026-04-22T06:37:55.275407,58.48
device_47,2026-04-22T06:36:55.275407,60.99
device_47,2026-04-22T06:35:55.275407,59.2
device_47,2026-04-22T06:34:55.275407,56.64
device_47,2026-04-22T06:33:55.275407,56.19
device_47,2026-04-22T06:32:55.275407,48.48
device_47,2026-04-22T06:31:55.275407,59.42
device_47,2026-04-22T06:30:55.275407,53.32
device_47,2026-04-22T06:29:55.275407,53.9
device_47,2026-04-22T06:28:55.275407,59.93
device_47,2026-04-22T06:27:55.275407,54.6
device_47,2026-04-22T06:26:55.275407,48.28
device_47,2026-04-22T06:25:55.275407,61.66
device_47,2026-04-22T06:24:55.275407,53.37
device_47,2026-04-22T06:23:55.275407,60.72
device_47,2026-04-22T06:22:55.275407,54.79
device_47,2026-04-22T06:21:55.275407,62.73
device_47,2026-04-22T06:20:55.275407,53.65
device_47,2026-04-22T06:19:55.275407,51.13
device_47,2026-04-22T06:18:55.275407,54.21
device_47,2026-04-22T06:17:55.275407,55.17
device_47,2026-04-22T06:16:55.275407,47.74
device_47,2026-04-22T06:15:55.275407,54.38
device_47,2026-04-22T06:14:55.275407,51.06
device_47,2026-04-22T06:13:55.275407,50.68
device_47,2026-04-22T06:12:55.275407,59.05
device_47,2026-04-22T06:11:55.275407,52.61
device_47,2026-04-22T06:10:55.275407,54.08
device_47,2026-04-22T06:09:55.275407,50.61
device_47,2026-04-22T06:08:55.275407,58.5
device_47,2026-04-22T06:07:55.275407,53.51
device_47,2026-04-22T06:06:55.275407,53.61
device_47,2026-04-22T06:05:55.275407,57.77
device_47,2026-04-22T06:04:55.275407,53.84
device_47,2026-04-22T06:03:55.275407,50.56
device_47,2026-04-22T06:02:55.275407,55.92
device_47,2026-04-22T06:01:55.275407,56.71
device_47,2026-04-22T06:00:55.275407,49.89
device_47,2026-04-22T05:59:55.275407,61.89
device_47,2026-04-22T05:58:55.275407,61.47
device_47,2026-04-22T05:57:55.275407,50.48
device_47,2026-04-22T05:56:55.275407,59.22
device_47,2026-04-22T05:55:55.275407,50.21
device_47,2026-04-22T05:54:55.275407,51.29
device_47,2026-04-22T05:53:55.275407,58.0
device_47,2026-04-22T05:52:55.275407,47.17
device_47,2026-04-22T05:51:55.275407,55.15
device_47,2026-04-22T05:50:55.275407,63.26
device_47,2026-04-22T05:49:55.275407,54.05
device_47,2026-04-22T05:48:55.275407,56.57
device_48,2026-04-22T06:37:55.275407,58.95
device_48,2026-04-22T06:36:55.275407,59.86
device_48,2026-04-22T06:35:55.275407,51.2
device_48,2026-04-22T06:34:55.275407,51.08
device_48,2026-04-22T06:33:55.275407,54.31
device_48,2026-04-22T06:32:55.275407,60.46
device_48,2026-04-22T06:31:55.275407,58.48
device_48,2026-04-22T06:30:55.275407,53.72
device_48,2026-04-22T06:29:55.275407,54.35
device_48,2026-04-22T06:28:55.275407,48.9
device_48,2026-04-22T06:27:55.275407,58.72
device_48,2026-04-22T06:26:55.275407,57.99
device_48,2026-04-22T06:25:55.275407,52.86
device_48,2026-04-22T06:24:55.275407,52.63
device_48,2026-04-22T06:23:55.275407,52.0
device_48,2026-04-22T06:22:55.275407,57.32
device_48,2026-04-22T06:21:55.275407,54.98
device_48,2026-04-22T06:20:55.275407,60.82
device_48,2026-04-22T06:19:55.275407,52.7
device_48,2026-04-22T06:18:55.275407,59.81
device_48,2026-04-22T06:17:55.275407,55.49
device_48,2026-04-22T06:16:55.275407,56.08
device_48,2026-04-22T06:15:55.275407,56.17
device_48,2026-04-22T06:14:55.275407,58.33
device_48,2026-04-22T06:13:55.275407,61.31
device_48,2026-04-22T06:12:55.275407,48.04
device_48,2026-04-22T06:11:55.275407,55.69
device_48,2026-04-22T06:10:55.275407,47.96
device_48,2026-04-22T06:09:55.275407,56.33
device_48,2026-04-22T06:08:55.275407,60.41
device_48,2026-04-22T06:07:55.275407,56.67
device_48,2026-04-22T06:06:55.275407,56.03
device_48,2026-04-22T06:05:55.275407,55.15
device_48,2026-04-22T06:04:55.275407,55.59
device_48,2026-04-22T06:03:55.275407,51.71
device_48,2026-04-22T06:02:55.275407,63.63
device_48,2026-04-22T06:01:55.275407,50.88
device_48,2026-04-22T06:00:55.275407,54.12
device_48,2026-04-22T05:59:55.275407,51.62
device_48,2026-04-22T05:58:55.275407,47.86
device_48,2026-04-22T05:57:55.275407,55.17
device_48,2026-04-22T05:56:55.275407,51.94
device_48,2026-04-22T05:55:55.275407,54.41
device_48,2026-04-22T05:54:55.275407,50.66
device_48,2026-04-22T05:53:55.275407,55.76
device_48,2026-04-22T05:52:55.275407,47.93
device_48,2026-04-22T05:51:55.275407,62.43
device_48,2026-04-22T05:50:55.275407,55.4
device_48,2026-04-22T05:49:55.275407,51.1
device_48,2026-04-22T05:48:55.275407,50.53
device_49,2026-04-22T06:37:55.275407,55.19
device_49,2026-04-22T06:36:55.275407,56.0
device_49,2026-04-22T06:35:55.275407,51.55
device_49,2026-04-22T06:34:55.275407,58.37
device_49,2026-04-22T06:33:55.275407,52.68
device_49,2026-04-22T06:32:55.275407,54.86
device_49,2026-04-22T06:31:55.275407,51.37
device_49,2026-04-22T06:30:55.275407,50.83
device_49,2026-04-22T06:29:55.275407,55.61
device_49,2026-04-22T06:28:55.275407,55.09
device_49,2026-04-22T06:27:55.275407,49.32
device_49,2026-04-22T06:26:55.275407,54.19
device_49,2026-04-22T06:25:55.275407,55.15
device_49,2026-04-22T06:24:55.275407,51.54
device_49,2026-04-22T06:23:55.275407,54.85
device_49,2026-04-22T06:22:55.275407,48.35
device_49,2026-04-22T06:21:55.275407,54.16
device_49,2026-04-22T06:20:55.275407,51.66
device_49,2026-04-22T06:19:55.275407,58.53
device_49,2026-04-22T06:18:55.275407,58.01
device_49,2026-04-22T06:17:55.275407,54.5
device_49,2026-04-22T06:16:55.275407,56.7
device_49,2026-04-22T06:15:55.275407,52.26
device_49,2026-04-22T06:14:55.275407,57.12
device_49,2026-04-22T06:13:55.275407,60.38
device_49,2026-04-22T06:12:55.275407,53.1
device_49,2026-04-22T06:11:55.275407,53.37
device_49,2026-04-22T06:10:55.275407,52.27
device_49,2026-04-22T06:09:55.275407,54.32
device_49,2026-04-22T06:08:55.275407,62.79
device_49,2026-04-22T06:07:55.275407,49.85
device_49,2026-04-22T06:06:55.275407,55.73
device_49,2026-04-22T06:05:55.275407,49.12
device_49,2026-04-22T06:04:55.275407,55.41
device_49,2026-04-22T06:03:55.275407,59.53
device_49,2026-04-22T06:02:55.275407,50.91
device_49,2026-04-22T06:01:55.275407,54.85
device_49,2026-04-22T06:00:55.275407,49.43
device_49,2026-04-22T05:59:55.275407,59.38
device_49,2026-04-22T05:58:55.275407,51.81
device_49,2026-04-22T05:57:55.275407,52.93
device_49,2026-04-22T05:56:55.275407,55.22
device_49,2026-04-22T05:55:55.275407,58.4
device_49,2026-04-22T05:54:55.275407,54.42
device_49,2026-04-22T05:53:55.275407,57.27
device_49,2026-04-22T05:52:55.275407,51.13
device_49,2026-04-22T05:51:55.275407,46.71
device_49,2026-04-22T05:50:55.275407,51.85
device_49,2026-04-22T05:49:55.275407,52.42
device_49,2026-04-22T05:48:55.275407,63.2
device_50,2026-04-22T06:37:55.275407,54.91
device_50,2026-04-22T06:36:55.275407,47.0
device_50,2026-04-22T06:35:55.275407,58.96
device_50,2026-04-22T06:34:55.275407,56.66
device_50,2026-04-22T06:33:55.275407,56.69
device_50,2026-04-22T06:32:55.275407,56.11
device_50,2026-04-22T06:31:55.275407,50.95
device_50,2026-04-22T06:30:55.275407,49.72
device_50,2026-04-22T06:29:55.275407,50.28
device_50,2026-04-22T06:28:55.275407,59.71
device_50,2026-04-22T06:27:55.275407,63.59
device_50,2026-04-22T06:26:55.275407,58.61
device_50,2026-04-22T06:25:55.275407,55.62
device_50,2026-04-22T06:24:55.275407,52.09
device_50,2026-04-22T06:23:55.275407,62.02
device_50,2026-04-22T06:22:55.275407,47.01
device_50,2026-04-22T06:21:55.275407,55.6
device_50,2026-04-22T06:20:55.275407,57.72
device_50,2026-04-22T06:19:55.275407,54.47
device_50,2026-04-22T06:18:55.275407,59.0
device_50,2026-04-22T06:17:55.275407,51.6
device_50,2026-04-22T06:16:55.275407,58.6
device_50,2026-04-22T06:15:55.275407,59.8
device_50,2026-04-22T06:14:55.275407,53.65
device_50,2026-04-22T06:13:55.275407,54.04
device_50,2026-04-22T06:12:55.275407,57.54
device_50,2026-04-22T06:11:55.275407,49.84
device_50,2026-04-22T06:10:55.275407,58.83
device_50,2026-04-22T06:09:55.275407,50.73
device_50,2026-04-22T06:08:55.275407,51.79
device_50,2026-04-22T06:07:55.275407,53.12
device_50,2026-04-22T06:06:55.275407,47.65
device_50,2026-04-22T06:05:55.275407,61.04
device_50,2026-04-22T06:04:55.275407,56.37
device_50,2026-04-22T06:03:55.275407,53.88
device_50,2026-04-22T06:02:55.275407,59.19
device_50,2026-04-22T06:01:55.275407,61.94
device_50,2026-04-22T06:00:55.275407,55.62
device_50,2026-04-22T05:59:55.275407,52.91
device_50,2026-04-22T05:58:55.275407,52.52
device_50,2026-04-22T05:57:55.275407,57.84
device_50,2026-04-22T05:56:55.275407,49.0
device_50,2026-04-22T05:55:55.275407,50.14
device_50,2026-04-22T05:54:55.275407,54.92
device_50,2026-04-22T05:53:55.275407,53.42
device_50,2026-04-22T05:52:55.275407,55.54
device_50,2026-04-22T05:51:55.275407,60.99
device_50,2026-04-22T05:50:55.275407,50.16
device_50,2026-04-22T05:49:55.275407,53.67
device_50,2026-04-22T05:48:55.275407,62.24
device_51,2026-04-22T06:37:55.275407,56.32
device_51,2026-04-22T06:36:55.275407,55.46
device_51,2026-04-22T06:35:55.275407,45.99
device_51,2026-04-22T06:34:55.275407,56.6
device_51,2026-04-22T06:33:55.275407,46.48
device_51,2026-04-22T06:32:55.275407,57.86
device_51,2026-04-22T06:31:55.275407,50.62
device_51,2026-04-22T06:30:55.275407,51.27
device_51,2026-04-22T06:29:55.275407,53.35
device_51,2026-04-22T06:28:55.275407,51.42
device_51,2026-04-22T06:27:55.275407,55.3
device_51,2026-04-22T06:26:55.275407,55.67
device_51,2026-04-22T06:25:55.275407,56.22
device_51,2026-04-22T06:24:55.275407,57.24
device_51,2026-04-22T06:23:55.275407,57.89
device_51,2026-04-22T06:22:55.275407,48.79
device_51,2026-04-22T06:21:55.275407,50.94
device_51,2026-04-22T06:20:55.275407,62.75
device_51,2026-04-22T06:19:55.275407,47.91
device_51,2026-04-22T06:18:55.275407,60.04
device_51,2026-04-22T06:17:55.275407,52.92
device_51,2026-04-22T06:16:55.275407,49.02
device_51,2026-04-22T06:15:55.275407,57.44
device_51,2026-04-22T06:14:55.275407,51.02
device_51,2026-04-22T06:13:55.275407,56.99
device_51,2026-04-22T06:12:55.275407,49.63
device_51,2026-04-22T06:11:55.275407,58.49
device_51,2026-04-22T06:10:55.275407,61.72
device_51,2026-04-22T06:09:55.275407,58.14
device_51,2026-04-22T06:08:55.275407,52.42
device_51,2026-04-22T06:07:55.275407,51.98
device_51,2026-04-22T06:06:55.275407,54.32
device_51,2026-04-22T06:05:55.275407,56.85
device_51,2026-04-22T06:04:55.275407,56.21
device_51,2026-04-22T06:03:55.275407,49.75
device_51,2026-04-22T06:02:55.275407,58.79
device_51,2026-04-22T06:01:55.275407,55.35
device_51,2026-04-22T06:00:55.275407,62.6
device_51,2026-04-22T05:59:55.275407,61.46
device_51,2026-04-22T05:58:55.275407,59.5
device_51,2026-04-22T05:57:55.275407,60.41
device_51,2026-04-22T05:56:55.275407,50.05
device_51,2026-04-22T05:55:55.275407,53.0
device_51,2026-04-22T05:54:55.275407,47.06
device_51,2026-04-22T05:53:55.275407,61.55
device_51,2026-04-22T05:52:55.275407,49.65
device_51,2026-04-22T05:51:55.275407,56.93
device_51,2026-04-22T05:50:55.275407,57.83
device_51,2026-04-22T05:49:55.275407,53.48
device_51,2026-04-22T05:48:55.275407,57.75
device_52,2026-04-22T06:37:55.275407,52.87
device_52,2026-04-22T06:36:55.275407,53.48
device_52,2026-04-22T06:35:55.275407,51.19
device_52,2026-04-22T06:34:55.275407,57.32
device_52,2026-04-22T06:33:55.275407,55.13
device_52,2026-04-22T06:32:55.275407,53.39
device_52,2026-04-22T06:31:55.275407,58.67
device_52,2026-04-22T06:30:55.275407,48.13
device_52,2026-04-22T06:29:55.275407,58.06
device_52,2026-04-22T06:28:55.275407,57.58
device_52,2026-04-22T06:27:55.275407,55.09
device_52,2026-04-22T06:26:55.275407,54.97
device_52,2026-04-22T06:25:55.275407,53.2
device_52,2026-04-22T06:24:55.275407,57.44
device_52,2026-04-22T06:23:55.275407,47.53
device_52,2026-04-22T06:22:55.275407,50.11
device_52,2026-04-22T06:21:55.275407,59.33
device_52,2026-04-22T06:20:55.275407,54.41
device_52,2026-04-22T06:19:55.275407,54.4
device_52,2026-04-22T06:18:55.275407,54.56
device_52,2026-04-22T06:17:55.275407,58.41
device_52,2026-04-22T06:16:55.275407,47.32
device_52,2026-04-22T06:15:55.275407,49.47
device_52,2026-04-22T06:14:55.275407,53.66
device_52,2026-04-22T06:13:55.275407,50.92
device_52,2026-04-22T06:12:55.275407,59.58
device_52,2026-04-22T06:11:55.275407,50.98
device_52,2026-04-22T06:10:55.275407,59.36
device_52,2026-04-22T06:09:55.275407,61.21
device_52,2026-04-22T06:08:55.275407,52.49
device_52,2026-04-22T06:07:55.275407,57.64
device_52,2026-04-22T06:06:55.275407,55.47
device_52,2026-04-22T06:05:55.275407,60.39
device_52,2026-04-22T06:04:55.275407,59.51
device_52,2026-04-22T06:03:55.275407,54.39
device_52,2026-04-22T06:02:55.275407,47.85
device_52,2026-04-22T06:01:55.275407,56.27
device_52,2026-04-22T06:00:55.275407,52.67
device_52,2026-04-22T05:59:55.275407,56.94
device_52,2026-04-22T05:58:55.275407,55.54
device_52,2026-04-22T05:57:55.275407,64.0
device_52,2026-04-22T05:56:55.275407,55.63
device_52,2026-04-22T05:55:55.275407,54.6
device_52,2026-04-22T05:54:55.275407,51.97
device_52,2026-04-22T05:53:55.275407,54.89
device_52,2026-04-22T05:52:55.275407,55.8
device_52,2026-04-22T05:51:55.275407,57.58
device_52,2026-04-22T05:50:55.275407,53.23
device_52,2026-04-22T05:49:55.275407,55.25
device_52,2026-04-22T05:48:55.275407,57.58
device_53,2026-04-22T06:37:55.275407,53.54
device_53,2026-04-22T06:36:55.275407,56.02
device_53,2026-04-22T06:35:55.275407,57.24
device_53,2026-04-22T06:34:55.275407,59.1
device_53,2026-04-22T06:33:55.275407,54.56
device_53,2026-04-22T06:32:55.275407,50.92
device_53,2026-04-22T06:31:55.275407,62.35
device_53,2026-04-22T06:30:55.275407,50.91
device_53,2026-04-22T06:29:55.275407,58.05
device_53,2026-04-22T06:28:55.275407,51.31
device_53,2026-04-22T06:27:55.275407,54.9
device_53,2026-04-22T06:26:55.275407,62.04
device_53,2026-04-22T06:25:55.275407,62.6
device_53,2026-04-22T06:24:55.275407,55.86
device_53,2026-04-22T06:23:55.275407,56.45
device_53,2026-04-22T06:22:55.275407,49.63
device_53,2026-04-22T06:21:55.275407,52.24
device_53,2026-04-22T06:20:55.275407,60.37
device_53,2026-04-22T06:19:55.275407,55.24
device_53,2026-04-22T06:18:55.275407,51.38
device_53,2026-04-22T06:17:55.275407,52.64
device_53,2026-04-22T06:16:55.275407,46.93
device_53,2026-04-22T06:15:55.275407,62.15
device_53,2026-04-22T06:14:55.275407,49.81
device_53,2026-04-22T06:13:55.275407,47.76
device_53,2026-04-22T06:12:55.275407,57.95
device_53,2026-04-22T06:11:55.275407,48.91
device_53,2026-04-22T06:10:55.275407,59.0
device_53,2026-04-22T06:09:55.275407,62.22
device_53,2026-04-22T06:08:55.275407,54.06
device_53,2026-04-22T06:07:55.275407,54.65
device_53,2026-04-22T06:06:55.275407,56.25
device_53,2026-04-22T06:05:55.275407,52.34
device_53,2026-04-22T06:04:55.275407,53.05
device_53,2026-04-22T06:03:55.275407,50.07
device_53,2026-04-22T06:02:55.275407,53.39
device_53,2026-04-22T06:01:55.275407,60.62
device_53,2026-04-22T06:00:55.275407,49.34
device_53,2026-04-22T05:59:55.275407,61.31
device_53,2026-04-22T05:58:55.275407,53.79
device_53,2026-04-22T05:57:55.275407,55.63
device_53,2026-04-22T05:56:55.275407,54.82
device_53,2026-04-22T05:55:55.275407,59.26
device_53,2026-04-22T05:54:55.275407,54.33
device_53,2026-04-22T05:53:55.275407,59.46
device_53,2026-04-22T05:52:55.275407,49.6
device_53,2026-04-22T05:51:55.275407,50.51
device_53,2026-04-22T05:50:55.275407,55.51
device_53,2026-04-22T05:49:55.275407,56.42
device_53,2026-04-22T05:48:55.275407,53.87
device_54,2026-04-22T06:37:55.275407,49.98
device_54,2026-04-22T06:36:55.275407,55.22
device_54,2026-04-22T06:35:55.275407,51.37
device_54,2026-04-22T06:34:55.275407,52.67
device_54,2026-04-22T06:33:55.275407,60.45
device_54,2026-04-22T06:32:55.275407,51.43
device_54,2026-04-22T06:31:55.275407,48.06
device_54,2026-04-22T06:30:55.275407,50.45
device_54,2026-04-22T06:29:55.275407,51.32
device_54,2026-04-22T06:28:55.275407,60.31
device_54,2026-04-22T06:27:55.275407,53.65
device_54,2026-04-22T06:26:55.275407,54.92
device_54,2026-04-22T06:25:55.275407,62.87
device_54,2026-04-22T06:24:55.275407,55.29
device_54,2026-04-22T06:23:55.275407,58.5
device_54,2026-04-22T06:22:55.275407,54.99
device_54,2026-04-22T06:21:55.275407,60.68
device_54,2026-04-22T06:20:55.275407,49.76
device_54,2026-04-22T06:19:55.275407,53.69
device_54,2026-04-22T06:18:55.275407,61.17
device_54,2026-04-22T06:17:55.275407,55.42
device_54,2026-04-22T06:16:55.275407,58.07
device_54,2026-04-22T06:15:55.275407,58.58
device_54,2026-04-22T06:14:55.275407,55.69
device_54,2026-04-22T06:13:55.275407,57.48
device_54,2026-04-22T06:12:55.275407,51.91
device_54,2026-04-22T06:11:55.275407,55.87
device_54,2026-04-22T06:10:55.275407,54.94
device_54,2026-04-22T06:09:55.275407,55.48
device_54,2026-04-22T06:08:55.275407,51.25
device_54,2026-04-22T06:07:55.275407,61.72
device_54,2026-04-22T06:06:55.275407,47.99
device_54,2026-04-22T06:05:55.275407,58.03
device_54,2026-04-22T06:04:55.275407,57.42
device_54,2026-04-22T06:03:55.275407,54.64
device_54,2026-04-22T06:02:55.275407,55.31
device_54,2026-04-22T06:01:55.275407,57.3
device_54,2026-04-22T06:00:55.275407,46.74
device_54,2026-04-22T05:59:55.275407,55.5
device_54,2026-04-22T05:58:55.275407,46.8
device_54,2026-04-22T05:57:55.275407,51.58
device_54,2026-04-22T05:56:55.275407,58.49
device_54,2026-04-22T05:55:55.275407,57.24
device_54,2026-04-22T05:54:55.275407,48.14
device_54,2026-04-22T05:53:55.275407,55.92
device_54,2026-04-22T05:52:55.275407,51.2
device_54,2026-04-22T05:51:55.275407,48.8
device_54,2026-04-22T05:50:55.275407,52.41
device_54,2026-04-22T05:49:55.275407,48.95
device_54,2026-04-22T05:48:55.275407,63.23
device_55,2026-04-22T06:37:55.275407,57.46
device_55,2026-04-22T06:36:55.275407,58.65
device_55,2026-04-22T06:35:55.275407,53.1
device_55,2026-04-22T06:34:55.275407,47.56
device_55,2026-04-22T06:33:55.275407,62.19
device_55,2026-04-22T06:32:55.275407,57.8
device_55,2026-04-22T06:31:55.275407,61.04
device_55,2026-04-22T06:30:55.275407,53.9
device_55,2026-04-22T06:29:55.275407,54.97
device_55,2026-04-22T06:28:55.275407,55.9
device_55,2026-04-22T06:27:55.275407,47.41
device_55,2026-04-22T06:26:55.275407,52.79
device_55,2026-04-22T06:25:55.275407,62.73
device_55,2026-04-22T06:24:55.275407,57.58
device_55,2026-04-22T06:23:55.275407,52.93
device_55,2026-04-22T06:22:55.275407,57.82
device_55,2026-04-22T06:21:55.275407,56.04
device_55,2026-04-22T06:20:55.275407,59.59
device_55,2026-04-22T06:19:55.275407,54.42
device_55,2026-04-22T06:18:55.275407,52.32
device_55,2026-04-22T06:17:55.275407,56.52
device_55,2026-04-22T06:16:55.275407,60.36
device_55,2026-04-22T06:15:55.275407,54.09
device_55,2026-04-22T06:14:55.275407,49.67
device_55,2026-04-22T06:13:55.275407,54.21
device_55,2026-04-22T06:12:55.275407,47.05
device_55,2026-04-22T06:11:55.275407,57.41
device_55,2026-04-22T06:10:55.275407,52.97
device_55,2026-04-22T06:09:55.275407,58.56
device_55,2026-04-22T06:08:55.275407,55.97
device_55,2026-04-22T06:07:55.275407,54.19
device_55,2026-04-22T06:06:55.275407,51.58
device_55,2026-04-22T06:05:55.275407,54.85
device_55,2026-04-22T06:04:55.275407,49.96
device_55,2026-04-22T06:03:55.275407,49.57
device_55,2026-04-22T06:02:55.275407,52.6
device_55,2026-04-22T06:01:55.275407,50.58
device_55,2026-04-22T06:00:55.275407,51.12
device_55,2026-04-22T05:59:55.275407,56.83
device_55,2026-04-22T05:58:55.275407,53.96
device_55,2026-04-22T05:57:55.275407,55.33
device_55,2026-04-22T05:56:55.275407,57.19
device_55,2026-04-22T05:55:55.275407,50.3
device_55,2026-04-22T05:54:55.275407,57.07
device_55,2026-04-22T05:53:55.275407,54.39
device_55,2026-04-22T05:52:55.275407,53.96
device_55,2026-04-22T05:51:55.275407,48.34
device_55,2026-04-22T05:50:55.275407,57.43
device_55,2026-04-22T05:49:55.275407,52.27
device_55,2026-04-22T05:48:55.275407,49.29
device_56,2026-04-22T06:37:55.275407,59.82
device_56,2026-04-22T06:36:55.275407,56.08
device_56,2026-04-22T06:35:55.275407,50.9
device_56,2026-04-22T06:34:55.275407,61.02
device_56,2026-04-22T06:33:55.275407,50.35
device_56,2026-04-22T06:32:55.275407,56.92
device_56,2026-04-22T06:31:55.275407,56.54
device_56,2026-04-22T06:30:55.275407,52.33
device_56,2026-04-22T06:29:55.275407,48.94
device_56,2026-04-22T06:28:55.275407,56.06
device_56,2026-04-22T06:27:55.275407,54.65
device_56,2026-04-22T06:26:55.275407,55.19
device_56,2026-04-22T06:25:55.275407,53.13
device_56,2026-04-22T06:24:55.275407,59.85
device_56,2026-04-22T06:23:55.275407,56.73
device_56,2026-04-22T06:22:55.275407,47.78
device_56,2026-04-22T06:21:55.275407,54.72
device_56,2026-04-22T06:20:55.275407,50.74
device_56,2026-04-22T06:19:55.275407,58.88
device_56,2026-04-22T06:18:55.275407,59.82
device_56,2026-04-22T06:17:55.275407,51.58
device_56,2026-04-22T06:16:55.275407,51.05
device_56,2026-04-22T06:15:55.275407,54.7
device_56,2026-04-22T06:14:55.275407,56.91
device_56,2026-04-22T06:13:55.275407,51.46
device_56,2026-04-22T06:12:55.275407,59.58
device_56,2026-04-22T06:11:55.275407,60.65
device_56,2026-04-22T06:10:55.275407,52.96
device_56,2026-04-22T06:09:55.275407,57.39
device_56,2026-04-22T06:08:55.275407,59.12
device_56,2026-04-22T06:07:55.275407,53.4
device_56,2026-04-22T06:06:55.275407,57.85
device_56,2026-04-22T06:05:55.275407,50.36
device_56,2026-04-22T06:04:55.275407,57.73
device_56,2026-04-22T06:03:55.275407,54.6
device_56,2026-04-22T06:02:55.275407,55.42
device_56,2026-04-22T06:01:55.275407,48.78
device_56,2026-04-22T06:00:55.275407,53.91
device_56,2026-04-22T05:59:55.275407,51.12
device_56,2026-04-22T05:58:55.275407,58.16
device_56,2026-04-22T05:57:55.275407,52.63
device_56,2026-04-22T05:56:55.275407,60.84
device_56,2026-04-22T05:55:55.275407,53.28
device_56,2026-04-22T05:54:55.275407,58.43
device_56,2026-04-22T05:53:55.275407,46.58
device_56,2026-04-22T05:52:55.275407,57.89
device_56,2026-04-22T05:51:55.275407,57.72
device_56,2026-04-22T05:50:55.275407,60.89
device_56,2026-04-22T05:49:55.275407,56.14
device_56,2026-04-22T05:48:55.275407,51.25
device_57,2026-04-22T06:37:55.275407,56.79
device_57,2026-04-22T06:36:55.275407,59.02
device_57,2026-04-22T06:35:55.275407,57.62
device_57,2026-04-22T06:34:55.275407,50.39
device_57,2026-04-22T06:33:55.275407,60.77
device_57,2026-04-22T06:32:55.275407,56.69
device_57,2026-04-22T06:31:55.275407,52.7
device_57,2026-04-22T06:30:55.275407,55.08
device_57,2026-04-22T06:29:55.275407,50.55
device_57,2026-04-22T06:28:55.275407,53.8
device_57,2026-04-22T06:27:55.275407,62.96
device_57,2026-04-22T06:26:55.275407,58.78
device_57,2026-04-22T06:25:55.275407,56.28
device_57,2026-04-22T06:24:55.275407,51.88
device_57,2026-04-22T06:23:55.275407,62.68
device_57,2026-04-22T06:22:55.275407,53.85
device_57,2026-04-22T06:21:55.275407,57.79
device_57,2026-04-22T06:20:55.275407,56.1
device_57,2026-04-22T06:19:55.275407,58.16
device_57,2026-04-22T06:18:55.275407,56.49
device_57,2026-04-22T06:17:55.275407,56.57
device_57,2026-04-22T06:16:55.275407,57.02
device_57,2026-04-22T06:15:55.275407,57.14
device_57,2026-04-22T06:14:55.275407,54.57
device_57,2026-04-22T06:13:55.275407,60.93
device_57,2026-04-22T06:12:55.275407,59.21
device_57,2026-04-22T06:11:55.275407,58.43
device_57,2026-04-22T06:10:55.275407,56.08
device_57,2026-04-22T06:09:55.275407,55.32
device_57,2026-04-22T06:08:55.275407,58.17
device_57,2026-04-22T06:07:55.275407,47.28
device_57,2026-04-22T06:06:55.275407,49.08
device_57,2026-04-22T06:05:55.275407,52.61
device_57,2026-04-22T06:04:55.275407,52.98
device_57,2026-04-22T06:03:55.275407,53.71
device_57,2026-04-22T06:02:55.275407,55.59
device_57,2026-04-22T06:01:55.275407,48.39
device_57,2026-04-22T06:00:55.275407,54.65
device_57,2026-04-22T05:59:55.275407,60.23
device_57,2026-04-22T05:58:55.275407,57.74
device_57,2026-04-22T05:57:55.275407,62.16
device_57,2026-04-22T05:56:55.275407,57.26
device_57,2026-04-22T05:55:55.275407,59.98
device_57,2026-04-22T05:54:55.275407,59.91
device_57,2026-04-22T05:53:55.275407,56.72
device_57,2026-04-22T05:52:55.275407,48.92
device_57,2026-04-22T05:51:55.275407,55.11
device_57,2026-04-22T05:50:55.275407,56.44
device_57,2026-04-22T05:49:55.275407,55.21
device_57,2026-04-22T05:48:55.275407,55.52
device_58,2026-04-22T06:37:55.275407,52.1
device_58,2026-04-22T06:36:55.275407,56.6
device_58,2026-04-22T06:35:55.275407,60.4
device_58,2026-04-22T06:34:55.275407,51.82
device_58,2026-04-22T06:33:55.275407,59.31
device_58,2026-04-22T06:32:55.275407,58.85
device_58,2026-04-22T06:31:55.275407,48.46
device_58,2026-04-22T06:30:55.275407,53.63
device_58,2026-04-22T06:29:55.275407,60.86
device_58,2026-04-22T06:28:55.275407,52.8
device_58,2026-04-22T06:27:55.275407,49.96
device_58,2026-04-22T06:26:55.275407,54.65
device_58,2026-04-22T06:25:55.275407,51.33
device_58,2026-04-22T06:24:55.275407,58.72
device_58,2026-04-22T06:23:55.275407,58.27
device_58,2026-04-22T06:22:55.275407,57.32
device_58,2026-04-22T06:21:55.275407,61.41
device_58,2026-04-22T06:20:55.275407,52.92
device_58,2026-04-22T06:19:55.275407,53.24
device_58,2026-04-22T06:18:55.275407,51.84
device_58,2026-04-22T06:17:55.275407,51.41
device_58,2026-04-22T06:16:55.275407,55.17
device_58,2026-04-22T06:15:55.275407,51.69
device_58,2026-04-22T06:14:55.275407,60.32
device_58,2026-04-22T06:13:55.275407,50.71
device_58,2026-04-22T06:12:55.275407,52.94
device_58,2026-04-22T06:11:55.275407,55.79
device_58,2026-04-22T06:10:55.275407,57.7
device_58,2026-04-22T06:09:55.275407,55.55
device_58,2026-04-22T06:08:55.275407,61.62
device_58,2026-04-22T06:07:55.275407,52.37
device_58,2026-04-22T06:06:55.275407,62.25
device_58,2026-04-22T06:05:55.275407,52.38
device_58,2026-04-22T06:04:55.275407,53.61
device_58,2026-04-22T06:03:55.275407,53.74
device_58,2026-04-22T06:02:55.275407,59.5
device_58,2026-04-22T06:01:55.275407,51.66
device_58,2026-04-22T06:00:55.275407,60.51
device_58,2026-04-22T05:59:55.275407,56.46
device_58,2026-04-22T05:58:55.275407,55.86
device_58,2026-04-22T05:57:55.275407,58.36
device_58,2026-04-22T05:56:55.275407,55.17
device_58,2026-04-22T05:55:55.275407,53.14
device_58,2026-04-22T05:54:55.275407,54.8
device_58,2026-04-22T05:53:55.275407,54.09
device_58,2026-04-22T05:52:55.275407,51.58
device_58,2026-04-22T05:51:55.275407,63.83
device_58,2026-04-22T05:50:55.275407,47.12
device_58,2026-04-22T05:49:55.275407,58.84
device_58,2026-04-22T05:48:55.275407,60.21
device_59,2026-04-22T06:37:55.275407,52.18
device_59,2026-04-22T06:36:55.275407,57.29
device_59,2026-04-22T06:35:55.275407,57.2
device_59,2026-04-22T06:34:55.275407,57.65
device_59,2026-04-22T06:33:55.275407,57.96
device_59,2026-04-22T06:32:55.275407,57.58
device_59,2026-04-22T06:31:55.275407,46.26
device_59,2026-04-22T06:30:55.275407,52.83
device_59,2026-04-22T06:29:55.275407,49.73
device_59,2026-04-22T06:28:55.275407,51.52
device_59,2026-04-22T06:27:55.275407,47.39
device_59,2026-04-22T06:26:55.275407,56.62
device_59,2026-04-22T06:25:55.275407,50.38
device_59,2026-04-22T06:24:55.275407,56.48
device_59,2026-04-22T06:23:55.275407,54.06
device_59,2026-04-22T06:22:55.275407,56.07
device_59,2026-04-22T06:21:55.275407,50.6
device_59,2026-04-22T06:20:55.275407,55.2
device_59,2026-04-22T06:19:55.275407,54.3
device_59,2026-04-22T06:18:55.275407,63.24
device_59,2026-04-22T06:17:55.275407,52.37
device_59,2026-04-22T06:16:55.275407,61.31
device_59,2026-04-22T06:15:55.275407,48.51
device_59,2026-04-22T06:14:55.275407,49.44
device_59,2026-04-22T06:13:55.275407,56.97
device_59,2026-04-22T06:12:55.275407,55.48
device_59,2026-04-22T06:11:55.275407,56.01
device_59,2026-04-22T06:10:55.275407,55.11
device_59,2026-04-22T06:09:55.275407,52.88
device_59,2026-04-22T06:08:55.275407,50.41
device_59,2026-04-22T06:07:55.275407,55.32
device_59,2026-04-22T06:06:55.275407,59.96
device_59,2026-04-22T06:05:55.275407,55.86
device_59,2026-04-22T06:04:55.275407,51.79
device_59,2026-04-22T06:03:55.275407,60.0
device_59,2026-04-22T06:02:55.275407,57.4
device_59,2026-04-22T06:01:55.275407,58.92
device_59,2026-04-22T06:00:55.275407,59.63
device_59,2026-04-22T05:59:55.275407,62.28
device_59,2026-04-22T05:58:55.275407,49.61
device_59,2026-04-22T05:57:55.275407,57.21
device_59,2026-04-22T05:56:55.275407,50.42
device_59,2026-04-22T05:55:55.275407,53.31
device_59,2026-04-22T05:54:55.275407,53.57
device_59,2026-04-22T05:53:55.275407,58.89
device_59,2026-04-22T05:52:55.275407,58.85
device_59,2026-04-22T05:51:55.275407,55.75
device_59,2026-04-22T05:50:55.275407,58.07
device_59,2026-04-22T05:49:55.275407,58.25
device_59,2026-04-22T05:48:55.275407,60.4
device_60,2026-04-22T06:37:55.275407,59.01
device_60,2026-04-22T06:36:55.275407,51.78
device_60,2026-04-22T06:35:55.275407,59.28
device_60,2026-04-22T06:34:55.275407,53.93
device_60,2026-04-22T06:33:55.275407,52.36
device_60,2026-04-22T06:32:55.275407,54.02
device_60,2026-04-22T06:31:55.275407,56.14
device_60,2026-04-22T06:30:55.275407,53.35
device_60,2026-04-22T06:29:55.275407,51.18
device_60,2026-04-22T06:28:55.275407,61.7
device_60,2026-04-22T06:27:55.275407,58.64
device_60,2026-04-22T06:26:55.275407,58.24
device_60,2026-04-22T06:25:55.275407,54.81
device_60,2026-04-22T06:24:55.275407,56.46
device_60,2026-04-22T06:23:55.275407,48.38
device_60,2026-04-22T06:22:55.275407,54.22
device_60,2026-04-22T06:21:55.275407,54.2
device_60,2026-04-22T06:20:55.275407,58.68
device_60,2026-04-22T06:19:55.275407,51.56
device_60,2026-04-22T06:18:55.275407,55.8
device_60,2026-04-22T06:17:55.275407,51.76
device_60,2026-04-22T06:16:55.275407,57.17
device_60,2026-04-22T06:15:55.275407,53.24
device_60,2026-04-22T06:14:55.275407,49.5
device_60,2026-04-22T06:13:55.275407,55.54
device_60,2026-04-22T06:12:55.275407,50.18
device_60,2026-04-22T06:11:55.275407,54.23
device_60,2026-04-22T06:10:55.275407,59.27
device_60,2026-04-22T06:09:55.275407,55.47
device_60,2026-04-22T06:08:55.275407,49.59
device_60,2026-04-22T06:07:55.275407,60.35
device_60,2026-04-22T06:06:55.275407,61.29
device_60,2026-04-22T06:05:55.275407,47.73
device_60,2026-04-22T06:04:55.275407,48.84
device_60,2026-04-22T06:03:55.275407,58.02
device_60,2026-04-22T06:02:55.275407,55.68
device_60,2026-04-22T06:01:55.275407,58.06
device_60,2026-04-22T06:00:55.275407,56.13
device_60,2026-04-22T05:59:55.275407,48.8
device_60,2026-04-22T05:58:55.275407,59.12
device_60,2026-04-22T05:57:55.275407,53.88
device_60,2026-04-22T05:56:55.275407,53.78
device_60,2026-04-22T05:55:55.275407,55.31
device_60,2026-04-22T05:54:55.275407,46.36
device_60,2026-04-22T05:53:55.275407,46.18
device_60,2026-04-22T05:52:55.275407,56.52
device_60,2026-04-22T05:51:55.275407,64.76
device_60,2026-04-22T05:50:55.275407,52.36
device_60,2026-04-22T05:49:55.275407,50.46
device_60,2026-04-22T05:48:55.275407,60.6
device_61,2026-04-22T06:37:55.275407,60.69
device_61,2026-04-22T06:36:55.275407,55.41
device_61,2026-04-22T06:35:55.275407,56.68
device_61,2026-04-22T06:34:55.275407,53.91
device_61,2026-04-22T06:33:55.275407,59.53
device_61,2026-04-22T06:32:55.275407,51.2
device_61,2026-04-22T06:31:55.275407,56.57
device_61,2026-04-22T06:30:55.275407,55.0
device_61,2026-04-22T06:29:55.275407,52.83
device_61,2026-04-22T06:28:55.275407,51.28
device_61,2026-04-22T06:27:55.275407,52.74
device_61,2026-04-22T06:26:55.275407,54.85
device_61,2026-04-22T06:25:55.275407,51.64
device_61,2026-04-22T06:24:55.275407,47.36
device_61,2026-04-22T06:23:55.275407,50.71
device_61,2026-04-22T06:22:55.275407,51.2
device_61,2026-04-22T06:21:55.275407,57.68
device_61,2026-04-22T06:20:55.275407,54.21
device_61,2026-04-22T06:19:55.275407,50.83
device_61,2026-04-22T06:18:55.275407,59.91
device_61,2026-04-22T06:17:55.275407,59.05
device_61,2026-04-22T06:16:55.275407,54.35
device_61,2026-04-22T06:15:55.275407,54.07
device_61,2026-04-22T06:14:55.275407,55.22
device_61,2026-04-22T06:13:55.275407,55.44
device_61,2026-04-22T06:12:55.275407,49.64
device_61,2026-04-22T06:11:55.275407,57.39
device_61,2026-04-22T06:10:55.275407,50.35
device_61,2026-04-22T06:09:55.275407,59.33
device_61,2026-04-22T06:08:55.275407,51.51
device_61,2026-04-22T06:07:55.275407,52.22
device_61,2026-04-22T06:06:55.275407,55.87
device_61,2026-04-22T06:05:55.275407,49.34
device_61,2026-04-22T06:04:55.275407,54.23
device_61,2026-04-22T06:03:55.275407,50.6
device_61,2026-04-22T06:02:55.275407,50.54
device_61,2026-04-22T06:01:55.275407,52.09
device_61,2026-04-22T06:00:55.275407,60.32
device_61,2026-04-22T05:59:55.275407,53.75
device_61,2026-04-22T05:58:55.275407,57.07
device_61,2026-04-22T05:57:55.275407,54.01
device_61,2026-04-22T05:56:55.275407,55.88
device_61,2026-04-22T05:55:55.275407,56.79
device_61,2026-04-22T05:54:55.275407,57.79
device_61,2026-04-22T05:53:55.275407,57.03
device_61,2026-04-22T05:52:55.275407,55.58
device_61,2026-04-22T05:51:55.275407,57.16
device_61,2026-04-22T05:50:55.275407,54.82
device_61,2026-04-22T05:49:55.275407,53.2
device_61,2026-04-22T05:48:55.275407,56.04
device_62,2026-04-22T06:37:55.275407,52.1
device_62,2026-04-22T06:36:55.275407,51.9
device_62,2026-04-22T06:35:55.275407,61.78
device_62,2026-04-22T06:34:55.275407,59.02
device_62,2026-04-22T06:33:55.275407,58.95
device_62,2026-04-22T06:32:55.275407,60.25
device_62,2026-04-22T06:31:55.275407,51.25
device_62,2026-04-22T06:30:55.275407,54.99
device_62,2026-04-22T06:29:55.275407,48.92
device_62,2026-04-22T06:28:55.275407,47.24
device_62,2026-04-22T06:27:55.275407,59.24
device_62,2026-04-22T06:26:55.275407,55.55
device_62,2026-04-22T06:25:55.275407,48.48
device_62,2026-04-22T06:24:55.275407,58.58
device_62,2026-04-22T06:23:55.275407,53.05
device_62,2026-04-22T06:22:55.275407,62.38
device_62,2026-04-22T06:21:55.275407,52.29
device_62,2026-04-22T06:20:55.275407,55.61
device_62,2026-04-22T06:19:55.275407,49.49
device_62,2026-04-22T06:18:55.275407,54.27
device_62,2026-04-22T06:17:55.275407,57.89
device_62,2026-04-22T06:16:55.275407,49.98
device_62,2026-04-22T06:15:55.275407,51.22
device_62,2026-04-22T06:14:55.275407,57.5
device_62,2026-04-22T06:13:55.275407,55.72
device_62,2026-04-22T06:12:55.275407,58.77
device_62,2026-04-22T06:11:55.275407,57.1
device_62,2026-04-22T06:10:55.275407,57.76
device_62,2026-04-22T06:09:55.275407,55.31
device_62,2026-04-22T06:08:55.275407,58.94
device_62,2026-04-22T06:07:55.275407,59.39
device_62,2026-04-22T06:06:55.275407,46.22
device_62,2026-04-22T06:05:55.275407,60.87
device_62,2026-04-22T06:04:55.275407,56.77
device_62,2026-04-22T06:03:55.275407,50.97
device_62,2026-04-22T06:02:55.275407,52.01
device_62,2026-04-22T06:01:55.275407,53.8
device_62,2026-04-22T06:00:55.275407,63.66
device_62,2026-04-22T05:59:55.275407,55.46
device_62,2026-04-22T05:58:55.275407,45.75
device_62,2026-04-22T05:57:55.275407,51.83
device_62,2026-04-22T05:56:55.275407,48.21
device_62,2026-04-22T05:55:55.275407,57.93
device_62,2026-04-22T05:54:55.275407,53.07
device_62,2026-04-22T05:53:55.275407,61.54
device_62,2026-04-22T05:52:55.275407,58.29
device_62,2026-04-22T05:51:55.275407,49.71
device_62,2026-04-22T05:50:55.275407,61.69
device_62,2026-04-22T05:49:55.275407,57.04
device_62,2026-04-22T05:48:55.275407,55.09
device_63,2026-04-22T06:37:55.275407,50.56
device_63,2026-04-22T06:36:55.275407,47.07
device_63,2026-04-22T06:35:55.275407,51.19
device_63,2026-04-22T06:34:55.275407,60.32
device_63,2026-04-22T06:33:55.275407,48.66
device_63,2026-04-22T06:32:55.275407,59.83
device_63,2026-04-22T06:31:55.275407,58.73
device_63,2026-04-22T06:30:55.275407,50.03
device_63,2026-04-22T06:29:55.275407,50.91
device_63,2026-04-22T06:28:55.275407,51.27
device_63,2026-04-22T06:27:55.275407,55.52
device_63,2026-04-22T06:26:55.275407,54.63
device_63,2026-04-22T06:25:55.275407,53.11
device_63,2026-04-22T06:24:55.275407,59.57
device_63,2026-04-22T06:23:55.275407,57.78
device_63,2026-04-22T06:22:55.275407,60.28
device_63,2026-04-22T06:21:55.275407,52.88
device_63,2026-04-22T06:20:55.275407,48.3
device_63,2026-04-22T06:19:55.275407,57.44
device_63,2026-04-22T06:18:55.275407,48.54
device_63,2026-04-22T06:17:55.275407,60.5
device_63,2026-04-22T06:16:55.275407,57.18
device_63,2026-04-22T06:15:55.275407,55.53
device_63,2026-04-22T06:14:55.275407,59.17
device_63,2026-04-22T06:13:55.275407,55.11
device_63,2026-04-22T06:12:55.275407,60.67
device_63,2026-04-22T06:11:55.275407,47.41
device_63,2026-04-22T06:10:55.275407,49.5
device_63,2026-04-22T06:09:55.275407,47.22
device_63,2026-04-22T06:08:55.275407,55.94
device_63,2026-04-22T06:07:55.275407,59.93
device_63,2026-04-22T06:06:55.275407,63.68
device_63,2026-04-22T06:05:55.275407,64.23
device_63,2026-04-22T06:04:55.275407,53.45
device_63,2026-04-22T06:03:55.275407,58.03
device_63,2026-04-22T06:02:55.275407,60.32
device_63,2026-04-22T06:01:55.275407,53.97
device_63,2026-04-22T06:00:55.275407,52.81
device_63,2026-04-22T05:59:55.275407,49.79
device_63,2026-04-22T05:58:55.275407,48.65
device_63,2026-04-22T05:57:55.275407,54.96
device_63,2026-04-22T05:56:55.275407,54.76
device_63,2026-04-22T05:55:55.275407,53.47
device_63,2026-04-22T05:54:55.275407,54.87
device_63,2026-04-22T05:53:55.275407,61.9
device_63,2026-04-22T05:52:55.275407,50.54
device_63,2026-04-22T05:51:55.275407,59.58
device_63,2026-04-22T05:50:55.275407,52.64
device_63,2026-04-22T05:49:55.275407,47.76
device_63,2026-04-22T05:48:55.275407,57.97
device_64,2026-04-22T06:37:55.275407,57.43
device_64,2026-04-22T06:36:55.275407,50.18
device_64,2026-04-22T06:35:55.275407,59.19
device_64,2026-04-22T06:34:55.275407,53.65
device_64,2026-04-22T06:33:55.275407,54.65
device_64,2026-04-22T06:32:55.275407,52.1
device_64,2026-04-22T06:31:55.275407,52.37
device_64,2026-04-22T06:30:55.275407,57.48
device_64,2026-04-22T06:29:55.275407,47.91
device_64,2026-04-22T06:28:55.275407,50.85
device_64,2026-04-22T06:27:55.275407,54.62
device_64,2026-04-22T06:26:55.275407,54.41
device_64,2026-04-22T06:25:55.275407,52.57
device_64,2026-04-22T06:24:55.275407,47.68
device_64,2026-04-22T06:23:55.275407,59.03
device_64,2026-04-22T06:22:55.275407,52.64
device_64,2026-04-22T06:21:55.275407,50.41
device_64,2026-04-22T06:20:55.275407,61.78
device_64,2026-04-22T06:19:55.275407,62.74
device_64,2026-04-22T06:18:55.275407,57.61
device_64,2026-04-22T06:17:55.275407,61.23
device_64,2026-04-22T06:16:55.275407,58.9
device_64,2026-04-22T06:15:55.275407,55.01
device_64,2026-04-22T06:14:55.275407,55.74
device_64,2026-04-22T06:13:55.275407,53.11
device_64,2026-04-22T06:12:55.275407,52.49
device_64,2026-04-22T06:11:55.275407,54.78
device_64,2026-04-22T06:10:55.275407,51.03
device_64,2026-04-22T06:09:55.275407,59.33
device_64,2026-04-22T06:08:55.275407,49.11
device_64,2026-04-22T06:07:55.275407,61.2
device_64,2026-04-22T06:06:55.275407,59.21
device_64,2026-04-22T06:05:55.275407,53.76
device_64,2026-04-22T06:04:55.275407,55.24
device_64,2026-04-22T06:03:55.275407,55.67
device_64,2026-04-22T06:02:55.275407,55.75
device_64,2026-04-22T06:01:55.275407,46.56
device_64,2026-04-22T06:00:55.275407,59.78
device_64,2026-04-22T05:59:55.275407,55.17
device_64,2026-04-22T05:58:55.275407,51.4
device_64,2026-04-22T05:57:55.275407,57.18
device_64,2026-04-22T05:56:55.275407,51.73
device_64,2026-04-22T05:55:55.275407,56.23
device_64,2026-04-22T05:54:55.275407,47.05
device_64,2026-04-22T05:53:55.275407,58.62
device_64,2026-04-22T05:52:55.275407,55.11
device_64,2026-04-22T05:51:55.275407,53.05
device_64,2026-04-22T05:50:55.275407,59.89
device_64,2026-04-22T05:49:55.275407,51.37
device_64,2026-04-22T05:48:55.275407,57.76
device_65,2026-04-22T06:37:55.275407,52.76
device_65,2026-04-22T06:36:55.275407,56.28
device_65,2026-04-22T06:35:55.275407,54.32
device_65,2026-04-22T06:34:55.275407,56.46
device_65,2026-04-22T06:33:55.275407,52.77
device_65,2026-04-22T06:32:55.275407,56.55
device_65,2026-04-22T06:31:55.275407,54.54
device_65,2026-04-22T06:30:55.275407,55.09
device_65,2026-04-22T06:29:55.275407,46.18
device_65,2026-04-22T06:28:55.275407,61.72
device_65,2026-04-22T06:27:55.275407,59.24
device_65,2026-04-22T06:26:55.275407,49.37
device_65,2026-04-22T06:25:55.275407,55.57
device_65,2026-04-22T06:24:55.275407,63.25
device_65,2026-04-22T06:23:55.275407,56.47
device_65,2026-04-22T06:22:55.275407,55.22
device_65,2026-04-22T06:21:55.275407,51.94
device_65,2026-04-22T06:20:55.275407,58.64
device_65,2026-04-22T06:19:55.275407,52.63
device_65,2026-04-22T06:18:55.275407,55.28
device_65,2026-04-22T06:17:55.275407,56.17
device_65,2026-04-22T06:16:55.275407,59.49
device_65,2026-04-22T06:15:55.275407,54.51
device_65,2026-04-22T06:14:55.275407,47.37
device_65,2026-04-22T06:13:55.275407,49.3
device_65,2026-04-22T06:12:55.275407,46.58
device_65,2026-04-22T06:11:55.275407,53.66
device_65,2026-04-22T06:10:55.275407,61.42
device_65,2026-04-22T06:09:55.275407,47.76
device_65,2026-04-22T06:08:55.275407,55.49
device_65,2026-04-22T06:07:55.275407,54.75
device_65,2026-04-22T06:06:55.275407,55.94
device_65,2026-04-22T06:05:55.275407,58.72
device_65,2026-04-22T06:04:55.275407,56.13
device_65,2026-04-22T06:03:55.275407,64.07
device_65,2026-04-22T06:02:55.275407,53.7
device_65,2026-04-22T06:01:55.275407,53.32
device_65,2026-04-22T06:00:55.275407,59.84
device_65,2026-04-22T05:59:55.275407,57.81
device_65,2026-04-22T05:58:55.275407,57.7
device_65,2026-04-22T05:57:55.275407,56.36
device_65,2026-04-22T05:56:55.275407,50.06
device_65,2026-04-22T05:55:55.275407,53.66
device_65,2026-04-22T05:54:55.275407,54.62
device_65,2026-04-22T05:53:55.275407,58.66
device_65,2026-04-22T05:52:55.275407,51.13
device_65,2026-04-22T05:51:55.275407,48.87
device_65,2026-04-22T05:50:55.275407,49.67
device_65,2026-04-22T05:49:55.275407,60.58
device_65,2026-04-22T05:48:55.275407,57.12
device_66,2026-04-22T06:37:55.275407,55.17
device_66,2026-04-22T06:36:55.275407,57.02
device_66,2026-04-22T06:35:55.275407,60.54
device_66,2026-04-22T06:34:55.275407,56.77
device_66,2026-04-22T06:33:55.275407,52.68
device_66,2026-04-22T06:32:55.275407,61.49
device_66,2026-04-22T06:31:55.275407,48.33
device_66,2026-04-22T06:30:55.275407,52.24
device_66,2026-04-22T06:29:55.275407,56.15
device_66,2026-04-22T06:28:55.275407,63.85
device_66,2026-04-22T06:27:55.275407,53.97
device_66,2026-04-22T06:26:55.275407,54.06
device_66,2026-04-22T06:25:55.275407,51.41
device_66,2026-04-22T06:24:55.275407,58.33
device_66,2026-04-22T06:23:55.275407,58.81
device_66,2026-04-22T06:22:55.275407,48.78
device_66,2026-04-22T06:21:55.275407,54.66
device_66,2026-04-22T06:20:55.275407,51.1
device_66,2026-04-22T06:19:55.275407,53.66
device_66,2026-04-22T06:18:55.275407,57.85
device_66,2026-04-22T06:17:55.275407,50.49
device_66,2026-04-22T06:16:55.275407,58.55
device_66,2026-04-22T06:15:55.275407,54.52
device_66,2026-04-22T06:14:55.275407,54.86
device_66,2026-04-22T06:13:55.275407,63.5
device_66,2026-04-22T06:12:55.275407,57.3
device_66,2026-04-22T06:11:55.275407,62.4
device_66,2026-04-22T06:10:55.275407,58.15
device_66,2026-04-22T06:09:55.275407,54.92
device_66,2026-04-22T06:08:55.275407,51.99
device_66,2026-04-22T06:07:55.275407,54.06
device_66,2026-04-22T06:06:55.275407,56.18
device_66,2026-04-22T06:05:55.275407,56.46
device_66,2026-04-22T06:04:55.275407,55.17
device_66,2026-04-22T06:03:55.275407,61.27
device_66,2026-04-22T06:02:55.275407,55.91
device_66,2026-04-22T06:01:55.275407,55.52
device_66,2026-04-22T06:00:55.275407,59.94
device_66,2026-04-22T05:59:55.275407,54.69
device_66,2026-04-22T05:58:55.275407,50.47
device_66,2026-04-22T05:57:55.275407,52.59
device_66,2026-04-22T05:56:55.275407,51.43
device_66,2026-04-22T05:55:55.275407,56.3
device_66,2026-04-22T05:54:55.275407,63.24
device_66,2026-04-22T05:53:55.275407,57.75
device_66,2026-04-22T05:52:55.275407,57.88
device_66,2026-04-22T05:51:55.275407,51.89
device_66,2026-04-22T05:50:55.275407,50.67
device_66,2026-04-22T05:49:55.275407,51.0
device_66,2026-04-22T05:48:55.275407,55.89
device_67,2026-04-22T06:37:55.275407,61.18
device_67,2026-04-22T06:36:55.275407,62.4
device_67,2026-04-22T06:35:55.275407,54.93
device_67,2026-04-22T06:34:55.275407,57.82
device_67,2026-04-22T06:33:55.275407,60.2
device_67,2026-04-22T06:32:55.275407,48.96
device_67,2026-04-22T06:31:55.275407,61.07
device_67,2026-04-22T06:30:55.275407,55.39
device_67,2026-04-22T06:29:55.275407,56.13
device_67,2026-04-22T06:28:55.275407,55.65
device_67,2026-04-22T06:27:55.275407,59.45
device_67,2026-04-22T06:26:55.275407,54.45
device_67,2026-04-22T06:25:55.275407,57.48
device_67,2026-04-22T06:24:55.275407,51.12
device_67,2026-04-22T06:23:55.275407,52.96
device_67,2026-04-22T06:22:55.275407,50.86
device_67,2026-04-22T06:21:55.275407,62.62
device_67,2026-04-22T06:20:55.275407,51.46
device_67,2026-04-22T06:19:55.275407,57.66
device_67,2026-04-22T06:18:55.275407,48.12
device_67,2026-04-22T06:17:55.275407,59.81
device_67,2026-04-22T06:16:55.275407,51.99
device_67,2026-04-22T06:15:55.275407,56.41
device_67,2026-04-22T06:14:55.275407,61.79
device_67,2026-04-22T06:13:55.275407,51.18
device_67,2026-04-22T06:12:55.275407,52.81
device_67,2026-04-22T06:11:55.275407,50.41
device_67,2026-04-22T06:10:55.275407,54.54
device_67,2026-04-22T06:09:55.275407,55.78
device_67,2026-04-22T06:08:55.275407,57.46
device_67,2026-04-22T06:07:55.275407,57.2
device_67,2026-04-22T06:06:55.275407,57.17
device_67,2026-04-22T06:05:55.275407,54.67
device_67,2026-04-22T06:04:55.275407,49.3
device_67,2026-04-22T06:03:55.275407,51.87
device_67,2026-04-22T06:02:55.275407,56.64
device_67,2026-04-22T06:01:55.275407,53.36
device_67,2026-04-22T06:00:55.275407,53.12
device_67,2026-04-22T05:59:55.275407,59.4
device_67,2026-04-22T05:58:55.275407,49.4
device_67,2026-04-22T05:57:55.275407,60.77
device_67,2026-04-22T05:56:55.275407,52.29
device_67,2026-04-22T05:55:55.275407,53.1
device_67,2026-04-22T05:54:55.275407,59.45
device_67,2026-04-22T05:53:55.275407,56.23
device_67,2026-04-22T05:52:55.275407,49.5
device_67,2026-04-22T05:51:55.275407,57.27
device_67,2026-04-22T05:50:55.275407,49.02
device_67,2026-04-22T05:49:55.275407,59.14
device_67,2026-04-22T05:48:55.275407,55.48
device_68,2026-04-22T06:37:55.275407,59.7
device_68,2026-04-22T06:36:55.275407,55.32
device_68,2026-04-22T06:35:55.275407,54.93
device_68,2026-04-22T06:34:55.275407,55.65
device_68,2026-04-22T06:33:55.275407,54.6
device_68,2026-04-22T06:32:55.275407,55.37
device_68,2026-04-22T06:31:55.275407,59.84
device_68,2026-04-22T06:30:55.275407,47.95
device_68,2026-04-22T06:29:55.275407,47.15
device_68,2026-04-22T06:28:55.275407,54.85
device_68,2026-04-22T06:27:55.275407,56.8
device_68,2026-04-22T06:26:55.275407,50.9
device_68,2026-04-22T06:25:55.275407,60.52
device_68,2026-04-22T06:24:55.275407,53.59
device_68,2026-04-22T06:23:55.275407,48.03
device_68,2026-04-22T06:22:55.275407,52.15
device_68,2026-04-22T06:21:55.275407,50.48
device_68,2026-04-22T06:20:55.275407,53.01
device_68,2026-04-22T06:19:55.275407,57.49
device_68,2026-04-22T06:18:55.275407,51.36
device_68,2026-04-22T06:17:55.275407,54.93
device_68,2026-04-22T06:16:55.275407,58.14
device_68,2026-04-22T06:15:55.275407,60.03
device_68,2026-04-22T06:14:55.275407,52.32
device_68,2026-04-22T06:13:55.275407,55.58
device_68,2026-04-22T06:12:55.275407,54.84
device_68,2026-04-22T06:11:55.275407,49.79
device_68,2026-04-22T06:10:55.275407,50.61
device_68,2026-04-22T06:09:55.275407,50.32
device_68,2026-04-22T06:08:55.275407,64.12
device_68,2026-04-22T06:07:55.275407,57.05
device_68,2026-04-22T06:06:55.275407,54.92
device_68,2026-04-22T06:05:55.275407,51.44
device_68,2026-04-22T06:04:55.275407,46.51
device_68,2026-04-22T06:03:55.275407,52.93
device_68,2026-04-22T06:02:55.275407,57.67
device_68,2026-04-22T06:01:55.275407,55.43
device_68,2026-04-22T06:00:55.275407,53.63
device_68,2026-04-22T05:59:55.275407,45.79
device_68,2026-04-22T05:58:55.275407,52.96
device_68,2026-04-22T05:57:55.275407,60.12
device_68,2026-04-22T05:56:55.275407,46.46
device_68,2026-04-22T05:55:55.275407,58.9
device_68,2026-04-22T05:54:55.275407,55.69
device_68,2026-04-22T05:53:55.275407,60.95
device_68,2026-04-22T05:52:55.275407,58.79
device_68,2026-04-22T05:51:55.275407,55.52
device_68,2026-04-22T05:50:55.275407,58.39
device_68,2026-04-22T05:49:55.275407,55.37
device_68,2026-04-22T05:48:55.275407,54.28
device_69,2026-04-22T06:37:55.275407,49.82
device_69,2026-04-22T06:36:55.275407,51.8
device_69,2026-04-22T06:35:55.275407,55.71
device_69,2026-04-22T06:34:55.275407,56.69
device_69,2026-04-22T06:33:55.275407,46.49
device_69,2026-04-22T06:32:55.275407,52.21
device_69,2026-04-22T06:31:55.275407,53.35
device_69,2026-04-22T06:30:55.275407,55.99
device_69,2026-04-22T06:29:55.275407,51.26
device_69,2026-04-22T06:28:55.275407,60.11
device_69,2026-04-22T06:27:55.275407,61.73
device_69,2026-04-22T06:26:55.275407,61.52
device_69,2026-04-22T06:25:55.275407,56.82
device_69,2026-04-22T06:24:55.275407,46.66
device_69,2026-04-22T06:23:55.275407,57.85
device_69,2026-04-22T06:22:55.275407,53.41
device_69,2026-04-22T06:21:55.275407,48.92
device_69,2026-04-22T06:20:55.275407,55.48
device_69,2026-04-22T06:19:55.275407,51.15
device_69,2026-04-22T06:18:55.275407,58.62
device_69,2026-04-22T06:17:55.275407,51.97
device_69,2026-04-22T06:16:55.275407,60.28
device_69,2026-04-22T06:15:55.275407,55.49
device_69,2026-04-22T06:14:55.275407,49.29
device_69,2026-04-22T06:13:55.275407,53.31
device_69,2026-04-22T06:12:55.275407,57.57
device_69,2026-04-22T06:11:55.275407,50.19
device_69,2026-04-22T06:10:55.275407,49.4
device_69,2026-04-22T06:09:55.275407,57.16
device_69,2026-04-22T06:08:55.275407,54.69
device_69,2026-04-22T06:07:55.275407,63.71
device_69,2026-04-22T06:06:55.275407,50.28
device_69,2026-04-22T06:05:55.275407,51.44
device_69,2026-04-22T06:04:55.275407,51.69
device_69,2026-04-22T06:03:55.275407,52.98
device_69,2026-04-22T06:02:55.275407,52.95
device_69,2026-04-22T06:01:55.275407,54.75
device_69,2026-04-22T06:00:55.275407,47.14
device_69,2026-04-22T05:59:55.275407,58.5
device_69,2026-04-22T05:58:55.275407,56.67
device_69,2026-04-22T05:57:55.275407,52.65
device_69,2026-04-22T05:56:55.275407,57.16
device_69,2026-04-22T05:55:55.275407,53.8
device_69,2026-04-22T05:54:55.275407,55.91
device_69,2026-04-22T05:53:55.275407,47.33
device_69,2026-04-22T05:52:55.275407,56.78
device_69,2026-04-22T05:51:55.275407,52.94
device_69,2026-04-22T05:50:55.275407,60.88
device_69,2026-04-22T05:49:55.275407,58.03
device_69,2026-04-22T05:48:55.275407,63.34
device_70,2026-04-22T06:37:55.275407,52.09
device_70,2026-04-22T06:36:55.275407,53.6
device_70,2026-04-22T06:35:55.275407,57.82
device_70,2026-04-22T06:34:55.275407,56.89
device_70,2026-04-22T06:33:55.275407,52.33
device_70,2026-04-22T06:32:55.275407,54.17
device_70,2026-04-22T06:31:55.275407,61.09
device_70,2026-04-22T06:30:55.275407,49.8
device_70,2026-04-22T06:29:55.275407,54.21
device_70,2026-04-22T06:28:55.275407,50.79
device_70,2026-04-22T06:27:55.275407,59.2
device_70,2026-04-22T06:26:55.275407,50.6
device_70,2026-04-22T06:25:55.275407,55.84
device_70,2026-04-22T06:24:55.275407,56.84
device_70,2026-04-22T06:23:55.275407,58.26
device_70,2026-04-22T06:22:55.275407,56.03
device_70,2026-04-22T06:21:55.275407,54.68
device_70,2026-04-22T06:20:55.275407,60.27
device_70,2026-04-22T06:19:55.275407,51.52
device_70,2026-04-22T06:18:55.275407,58.2
device_70,2026-04-22T06:17:55.275407,60.8
device_70,2026-04-22T06:16:55.275407,48.15
device_70,2026-04-22T06:15:55.275407,51.21
device_70,2026-04-22T06:14:55.275407,48.15
device_70,2026-04-22T06:13:55.275407,53.95
device_70,2026-04-22T06:12:55.275407,51.74
device_70,2026-04-22T06:11:55.275407,53.21
device_70,2026-04-22T06:10:55.275407,57.86
device_70,2026-04-22T06:09:55.275407,59.12
device_70,2026-04-22T06:08:55.275407,58.07
device_70,2026-04-22T06:07:55.275407,49.78
device_70,2026-04-22T06:06:55.275407,55.98
device_70,2026-04-22T06:05:55.275407,54.45
device_70,2026-04-22T06:04:55.275407,62.12
device_70,2026-04-22T06:03:55.275407,57.03
device_70,2026-04-22T06:02:55.275407,56.34
device_70,2026-04-22T06:01:55.275407,53.94
device_70,2026-04-22T06:00:55.275407,58.45
device_70,2026-04-22T05:59:55.275407,60.26
device_70,2026-04-22T05:58:55.275407,53.15
device_70,2026-04-22T05:57:55.275407,55.01
device_70,2026-04-22T05:56:55.275407,60.75
device_70,2026-04-22T05:55:55.275407,51.25
device_70,2026-04-22T05:54:55.275407,54.9
device_70,2026-04-22T05:53:55.275407,53.83
device_70,2026-04-22T05:52:55.275407,61.61
device_70,2026-04-22T05:51:55.275407,61.85
device_70,2026-04-22T05:50:55.275407,60.73
device_70,2026-04-22T05:49:55.275407,59.02
device_70,2026-04-22T05:48:55.275407,60.99
device_71,2026-04-22T06:37:55.275407,53.79
device_71,2026-04-22T06:36:55.275407,57.61
device_71,2026-04-22T06:35:55.275407,61.24
device_71,2026-04-22T06:34:55.275407,50.03
device_71,2026-04-22T06:33:55.275407,53.95
device_71,2026-04-22T06:32:55.275407,53.09
device_71,2026-04-22T06:31:55.275407,52.96
device_71,2026-04-22T06:30:55.275407,54.84
device_71,2026-04-22T06:29:55.275407,53.85
device_71,2026-04-22T06:28:55.275407,61.34
device_71,2026-04-22T06:27:55.275407,51.93
device_71,2026-04-22T06:26:55.275407,55.14
device_71,2026-04-22T06:25:55.275407,63.65
device_71,2026-04-22T06:24:55.275407,52.22
device_71,2026-04-22T06:23:55.275407,57.45
device_71,2026-04-22T06:22:55.275407,56.1
device_71,2026-04-22T06:21:55.275407,49.7
device_71,2026-04-22T06:20:55.275407,58.5
device_71,2026-04-22T06:19:55.275407,50.8
device_71,2026-04-22T06:18:55.275407,63.36
device_71,2026-04-22T06:17:55.275407,49.76
device_71,2026-04-22T06:16:55.275407,57.49
device_71,2026-04-22T06:15:55.275407,54.18
device_71,2026-04-22T06:14:55.275407,60.54
device_71,2026-04-22T06:13:55.275407,55.7
device_71,2026-04-22T06:12:55.275407,56.52
device_71,2026-04-22T06:11:55.275407,58.81
device_71,2026-04-22T06:10:55.275407,60.81
device_71,2026-04-22T06:09:55.275407,55.64
device_71,2026-04-22T06:08:55.275407,55.83
device_71,2026-04-22T06:07:55.275407,59.39
device_71,2026-04-22T06:06:55.275407,52.6
device_71,2026-04-22T06:05:55.275407,48.08
device_71,2026-04-22T06:04:55.275407,55.39
device_71,2026-04-22T06:03:55.275407,50.36
device_71,2026-04-22T06:02:55.275407,50.37
device_71,2026-04-22T06:01:55.275407,63.33
device_71,2026-04-22T06:00:55.275407,56.6
device_71,2026-04-22T05:59:55.275407,55.05
device_71,2026-04-22T05:58:55.275407,58.87
device_71,2026-04-22T05:57:55.275407,55.06
device_71,2026-04-22T05:56:55.275407,47.73
device_71,2026-04-22T05:55:55.275407,53.5
device_71,2026-04-22T05:54:55.275407,49.45
device_71,2026-04-22T05:53:55.275407,50.42
device_71,2026-04-22T05:52:55.275407,53.57
device_71,2026-04-22T05:51:55.275407,57.57
device_71,2026-04-22T05:50:55.275407,51.66
device_71,2026-04-22T05:49:55.275407,58.18
device_71,2026-04-22T05:48:55.275407,57.4
device_72,2026-04-22T06:37:55.275407,58.48
device_72,2026-04-22T06:36:55.275407,57.73
device_72,2026-04-22T06:35:55.275407,50.43
device_72,2026-04-22T06:34:55.275407,50.8
device_72,2026-04-22T06:33:55.275407,57.75
device_72,2026-04-22T06:32:55.275407,45.55
device_72,2026-04-22T06:31:55.275407,53.4
device_72,2026-04-22T06:30:55.275407,47.46
device_72,2026-04-22T06:29:55.275407,60.75
device_72,2026-04-22T06:28:55.275407,49.37
device_72,2026-04-22T06:27:55.275407,49.2
device_72,2026-04-22T06:26:55.275407,57.58
device_72,2026-04-22T06:25:55.275407,60.33
device_72,2026-04-22T06:24:55.275407,55.07
device_72,2026-04-22T06:23:55.275407,57.53
device_72,2026-04-22T06:22:55.275407,54.94
device_72,2026-04-22T06:21:55.275407,54.36
device_72,2026-04-22T06:20:55.275407,48.37
device_72,2026-04-22T06:19:55.275407,53.23
device_72,2026-04-22T06:18:55.275407,52.34
device_72,2026-04-22T06:17:55.275407,61.92
device_72,2026-04-22T06:16:55.275407,53.22
device_72,2026-04-22T06:15:55.275407,46.88
device_72,2026-04-22T06:14:55.275407,53.78
device_72,2026-04-22T06:13:55.275407,63.86
device_72,2026-04-22T06:12:55.275407,55.84
device_72,2026-04-22T06:11:55.275407,50.33
device_72,2026-04-22T06:10:55.275407,50.33
device_72,2026-04-22T06:09:55.275407,57.21
device_72,2026-04-22T06:08:55.275407,56.28
device_72,2026-04-22T06:07:55.275407,52.06
device_72,2026-04-22T06:06:55.275407,51.32
device_72,2026-04-22T06:05:55.275407,56.61
device_72,2026-04-22T06:04:55.275407,57.65
device_72,2026-04-22T06:03:55.275407,62.28
device_72,2026-04-22T06:02:55.275407,53.95
device_72,2026-04-22T06:01:55.275407,53.54
device_72,2026-04-22T06:00:55.275407,48.34
device_72,2026-04-22T05:59:55.275407,54.79
device_72,2026-04-22T05:58:55.275407,50.81
device_72,2026-04-22T05:57:55.275407,54.49
device_72,2026-04-22T05:56:55.275407,56.96
device_72,2026-04-22T05:55:55.275407,54.98
device_72,2026-04-22T05:54:55.275407,59.35
device_72,2026-04-22T05:53:55.275407,48.41
device_72,2026-04-22T05:52:55.275407,60.25
device_72,2026-04-22T05:51:55.275407,58.61
device_72,2026-04-22T05:50:55.275407,52.88
device_72,2026-04-22T05:49:55.275407,50.16
device_72,2026-04-22T05:48:55.275407,53.17
device_73,2026-04-22T06:37:55.275407,52.77
device_73,2026-04-22T06:36:55.275407,54.96
device_73,2026-04-22T06:35:55.275407,59.49
device_73,2026-04-22T06:34:55.275407,58.67
device_73,2026-04-22T06:33:55.275407,55.04
device_73,2026-04-22T06:32:55.275407,47.01
device_73,2026-04-22T06:31:55.275407,54.33
device_73,2026-04-22T06:30:55.275407,56.65
device_73,2026-04-22T06:29:55.275407,55.22
device_73,2026-04-22T06:28:55.275407,52.02
device_73,2026-04-22T06:27:55.275407,45.85
device_73,2026-04-22T06:26:55.275407,56.79
device_73,2026-04-22T06:25:55.275407,52.3
device_73,2026-04-22T06:24:55.275407,49.86
device_73,2026-04-22T06:23:55.275407,52.47
device_73,2026-04-22T06:22:55.275407,53.42
device_73,2026-04-22T06:21:55.275407,51.8
device_73,2026-04-22T06:20:55.275407,50.98
device_73,2026-04-22T06:19:55.275407,56.8
device_73,2026-04-22T06:18:55.275407,53.59
device_73,2026-04-22T06:17:55.275407,51.9
device_73,2026-04-22T06:16:55.275407,48.08
device_73,2026-04-22T06:15:55.275407,57.48
device_73,2026-04-22T06:14:55.275407,53.25
device_73,2026-04-22T06:13:55.275407,58.55
device_73,2026-04-22T06:12:55.275407,51.74
device_73,2026-04-22T06:11:55.275407,59.11
device_73,2026-04-22T06:10:55.275407,47.69
device_73,2026-04-22T06:09:55.275407,61.76
device_73,2026-04-22T06:08:55.275407,48.8
device_73,2026-04-22T06:07:55.275407,50.06
device_73,2026-04-22T06:06:55.275407,62.07
device_73,2026-04-22T06:05:55.275407,61.8
device_73,2026-04-22T06:04:55.275407,60.32
device_73,2026-04-22T06:03:55.275407,56.53
device_73,2026-04-22T06:02:55.275407,51.19
device_73,2026-04-22T06:01:55.275407,53.86
device_73,2026-04-22T06:00:55.275407,54.92
device_73,2026-04-22T05:59:55.275407,53.97
device_73,2026-04-22T05:58:55.275407,60.83
device_73,2026-04-22T05:57:55.275407,50.54
device_73,2026-04-22T05:56:55.275407,57.43
device_73,2026-04-22T05:55:55.275407,50.26
device_73,2026-04-22T05:54:55.275407,47.23
device_73,2026-04-22T05:53:55.275407,53.54
device_73,2026-04-22T05:52:55.275407,52.25
device_73,2026-04-22T05:51:55.275407,58.29
device_73,2026-04-22T05:50:55.275407,59.69
device_73,2026-04-22T05:49:55.275407,51.08
device_73,2026-04-22T05:48:55.275407,56.54
device_74,2026-04-22T06:37:55.275407,53.6
device_74,2026-04-22T06:36:55.275407,58.21
device_74,2026-04-22T06:35:55.275407,60.06
device_74,2026-04-22T06:34:55.275407,53.76
device_74,2026-04-22T06:33:55.275407,56.3
device_74,2026-04-22T06:32:55.275407,52.74
device_74,2026-04-22T06:31:55.275407,57.21
device_74,2026-04-22T06:30:55.275407,54.32
device_74,2026-04-22T06:29:55.275407,56.24
device_74,2026-04-22T06:28:55.275407,56.08
device_74,2026-04-22T06:27:55.275407,52.71
device_74,2026-04-22T06:26:55.275407,60.32
device_74,2026-04-22T06:25:55.275407,63.84
device_74,2026-04-22T06:24:55.275407,54.59
device_74,2026-04-22T06:23:55.275407,53.55
device_74,2026-04-22T06:22:55.275407,60.37
device_74,2026-04-22T06:21:55.275407,50.78
device_74,2026-04-22T06:20:55.275407,58.51
device_74,2026-04-22T06:19:55.275407,60.21
device_74,2026-04-22T06:18:55.275407,59.32
device_74,2026-04-22T06:17:55.275407,60.44
device_74,2026-04-22T06:16:55.275407,50.04
device_74,2026-04-22T06:15:55.275407,53.97
device_74,2026-04-22T06:14:55.275407,53.62
device_74,2026-04-22T06:13:55.275407,55.31
device_74,2026-04-22T06:12:55.275407,56.84
device_74,2026-04-22T06:11:55.275407,57.24
device_74,2026-04-22T06:10:55.275407,62.94
device_74,2026-04-22T06:09:55.275407,55.37
device_74,2026-04-22T06:08:55.275407,62.25
device_74,2026-04-22T06:07:55.275407,54.07
device_74,2026-04-22T06:06:55.275407,55.36
device_74,2026-04-22T06:05:55.275407,55.7
device_74,2026-04-22T06:04:55.275407,60.41
device_74,2026-04-22T06:03:55.275407,55.68
device_74,2026-04-22T06:02:55.275407,58.48
device_74,2026-04-22T06:01:55.275407,53.24
device_74,2026-04-22T06:00:55.275407,57.78
device_74,2026-04-22T05:59:55.275407,59.84
device_74,2026-04-22T05:58:55.275407,58.43
device_74,2026-04-22T05:57:55.275407,58.23
device_74,2026-04-22T05:56:55.275407,55.42
device_74,2026-04-22T05:55:55.275407,53.86
device_74,2026-04-22T05:54:55.275407,56.48
device_74,2026-04-22T05:53:55.275407,50.8
device_74,2026-04-22T05:52:55.275407,53.35
device_74,2026-04-22T05:51:55.275407,45.11
device_74,2026-04-22T05:50:55.275407,48.74
device_74,2026-04-22T05:49:55.275407,58.05
device_74,2026-04-22T05:48:55.275407,53.69
device_75,2026-04-22T06:37:55.275407,52.5
device_75,2026-04-22T06:36:55.275407,49.78
device_75,2026-04-22T06:35:55.275407,53.36
device_75,2026-04-22T06:34:55.275407,49.22
device_75,2026-04-22T06:33:55.275407,59.11
device_75,2026-04-22T06:32:55.275407,52.01
device_75,2026-04-22T06:31:55.275407,49.64
device_75,2026-04-22T06:30:55.275407,53.73
device_75,2026-04-22T06:29:55.275407,53.05
device_75,2026-04-22T06:28:55.275407,49.99
device_75,2026-04-22T06:27:55.275407,61.93
device_75,2026-04-22T06:26:55.275407,54.04
device_75,2026-04-22T06:25:55.275407,61.45
device_75,2026-04-22T06:24:55.275407,50.85
device_75,2026-04-22T06:23:55.275407,57.69
device_75,2026-04-22T06:22:55.275407,53.3
device_75,2026-04-22T06:21:55.275407,54.37
device_75,2026-04-22T06:20:55.275407,64.27
device_75,2026-04-22T06:19:55.275407,60.31
device_75,2026-04-22T06:18:55.275407,57.31
device_75,2026-04-22T06:17:55.275407,55.98
device_75,2026-04-22T06:16:55.275407,56.86
device_75,2026-04-22T06:15:55.275407,54.56
device_75,2026-04-22T06:14:55.275407,58.02
device_75,2026-04-22T06:13:55.275407,53.48
device_75,2026-04-22T06:12:55.275407,58.11
device_75,2026-04-22T06:11:55.275407,48.58
device_75,2026-04-22T06:10:55.275407,54.16
device_75,2026-04-22T06:09:55.275407,63.3
device_75,2026-04-22T06:08:55.275407,55.13
device_75,2026-04-22T06:07:55.275407,55.91
device_75,2026-04-22T06:06:55.275407,48.95
device_75,2026-04-22T06:05:55.275407,53.59
device_75,2026-04-22T06:04:55.275407,59.43
device_75,2026-04-22T06:03:55.275407,57.29
device_75,2026-04-22T06:02:55.275407,54.35
device_75,2026-04-22T06:01:55.275407,60.36
device_75,2026-04-22T06:00:55.275407,54.73
device_75,2026-04-22T05:59:55.275407,51.88
device_75,2026-04-22T05:58:55.275407,50.58
device_75,2026-04-22T05:57:55.275407,49.23
device_75,2026-04-22T05:56:55.275407,58.03
device_75,2026-04-22T05:55:55.275407,50.03
device_75,2026-04-22T05:54:55.275407,49.5
device_75,2026-04-22T05:53:55.275407,54.32
device_75,2026-04-22T05:52:55.275407,54.99
device_75,2026-04-22T05:51:55.275407,60.85
device_75,2026-04-22T05:50:55.275407,55.66
device_75,2026-04-22T05:49:55.275407,53.01
device_75,2026-04-22T05:48:55.275407,55.9
device_76,2026-04-22T06:37:55.275407,61.33
device_76,2026-04-22T06:36:55.275407,55.58
device_76,2026-04-22T06:35:55.275407,51.56
device_76,2026-04-22T06:34:55.275407,54.46
device_76,2026-04-22T06:33:55.275407,54.35
device_76,2026-04-22T06:32:55.275407,54.78
device_76,2026-04-22T06:31:55.275407,50.87
device_76,2026-04-22T06:30:55.275407,54.14
device_76,2026-04-22T06:29:55.275407,51.78
device_76,2026-04-22T06:28:55.275407,52.74
device_76,2026-04-22T06:27:55.275407,52.81
device_76,2026-04-22T06:26:55.275407,59.3
device_76,2026-04-22T06:25:55.275407,55.57
device_76,2026-04-22T06:24:55.275407,50.98
device_76,2026-04-22T06:23:55.275407,54.92
device_76,2026-04-22T06:22:55.275407,52.1
device_76,2026-04-22T06:21:55.275407,53.78
device_76,2026-04-22T06:20:55.275407,60.48
device_76,2026-04-22T06:19:55.275407,58.38
device_76,2026-04-22T06:18:55.275407,58.74
device_76,2026-04-22T06:17:55.275407,50.22
device_76,2026-04-22T06:16:55.275407,51.93
device_76,2026-04-22T06:15:55.275407,54.81
device_76,2026-04-22T06:14:55.275407,62.97
device_76,2026-04-22T06:13:55.275407,49.62
device_76,2026-04-22T06:12:55.275407,54.42
device_76,2026-04-22T06:11:55.275407,57.48
device_76,2026-04-22T06:10:55.275407,60.54
device_76,2026-04-22T06:09:55.275407,59.54
device_76,2026-04-22T06:08:55.275407,48.2
device_76,2026-04-22T06:07:55.275407,53.52
device_76,2026-04-22T06:06:55.275407,53.9
device_76,2026-04-22T06:05:55.275407,57.0
device_76,2026-04-22T06:04:55.275407,56.49
device_76,2026-04-22T06:03:55.275407,55.51
device_76,2026-04-22T06:02:55.275407,55.81
device_76,2026-04-22T06:01:55.275407,54.43
device_76,2026-04-22T06:00:55.275407,60.93
device_76,2026-04-22T05:59:55.275407,57.87
device_76,2026-04-22T05:58:55.275407,51.94
device_76,2026-04-22T05:57:55.275407,53.13
device_76,2026-04-22T05:56:55.275407,62.98
device_76,2026-04-22T05:55:55.275407,55.52
device_76,2026-04-22T05:54:55.275407,55.79
device_76,2026-04-22T05:53:55.275407,58.2
device_76,2026-04-22T05:52:55.275407,52.91
device_76,2026-04-22T05:51:55.275407,49.14
device_76,2026-04-22T05:50:55.275407,51.14
device_76,2026-04-22T05:49:55.275407,55.85
device_76,2026-04-22T05:48:55.275407,60.76
device_77,2026-04-22T06:37:55.275407,53.45
device_77,2026-04-22T06:36:55.275407,53.3
device_77,2026-04-22T06:35:55.275407,57.92
device_77,2026-04-22T06:34:55.275407,56.65
device_77,2026-04-22T06:33:55.275407,58.18
device_77,2026-04-22T06:32:55.275407,55.31
device_77,2026-04-22T06:31:55.275407,62.8
device_77,2026-04-22T06:30:55.275407,52.69
device_77,2026-04-22T06:29:55.275407,55.41
device_77,2026-04-22T06:28:55.275407,54.13
device_77,2026-04-22T06:27:55.275407,55.48
device_77,2026-04-22T06:26:55.275407,53.18
device_77,2026-04-22T06:25:55.275407,56.3
device_77,2026-04-22T06:24:55.275407,56.84
device_77,2026-04-22T06:23:55.275407,51.37
device_77,2026-04-22T06:22:55.275407,61.31
device_77,2026-04-22T06:21:55.275407,48.34
device_77,2026-04-22T06:20:55.275407,58.92
device_77,2026-04-22T06:19:55.275407,59.5
device_77,2026-04-22T06:18:55.275407,63.71
device_77,2026-04-22T06:17:55.275407,55.79
device_77,2026-04-22T06:16:55.275407,56.87
device_77,2026-04-22T06:15:55.275407,57.82
device_77,2026-04-22T06:14:55.275407,54.42
device_77,2026-04-22T06:13:55.275407,58.63
device_77,2026-04-22T06:12:55.275407,49.4
device_77,2026-04-22T06:11:55.275407,46.5
device_77,2026-04-22T06:10:55.275407,57.02
device_77,2026-04-22T06:09:55.275407,54.86
device_77,2026-04-22T06:08:55.275407,53.91
device_77,2026-04-22T06:07:55.275407,52.87
device_77,2026-04-22T06:06:55.275407,53.32
device_77,2026-04-22T06:05:55.275407,48.12
device_77,2026-04-22T06:04:55.275407,57.12
device_77,2026-04-22T06:03:55.275407,53.04
device_77,2026-04-22T06:02:55.275407,47.88
device_77,2026-04-22T06:01:55.275407,55.59
device_77,2026-04-22T06:00:55.275407,51.2
device_77,2026-04-22T05:59:55.275407,59.56
device_77,2026-04-22T05:58:55.275407,53.71
device_77,2026-04-22T05:57:55.275407,60.88
device_77,2026-04-22T05:56:55.275407,49.45
device_77,2026-04-22T05:55:55.275407,51.96
device_77,2026-04-22T05:54:55.275407,53.27
device_77,2026-04-22T05:53:55.275407,52.78
device_77,2026-04-22T05:52:55.275407,52.24
device_77,2026-04-22T05:51:55.275407,53.89
device_77,2026-04-22T05:50:55.275407,55.44
device_77,2026-04-22T05:49:55.275407,56.0
device_77,2026-04-22T05:48:55.275407,49.28
device_78,2026-04-22T06:37:55.275407,55.18
device_78,2026-04-22T06:36:55.275407,64.66
device_78,2026-04-22T06:35:55.275407,50.32
device_78,2026-04-22T06:34:55.275407,53.12
device_78,2026-04-22T06:33:55.275407,53.13
device_78,2026-04-22T06:32:55.275407,61.04
device_78,2026-04-22T06:31:55.275407,57.7
device_78,2026-04-22T06:30:55.275407,56.13
device_78,2026-04-22T06:29:55.275407,48.53
device_78,2026-04-22T06:28:55.275407,53.63
device_78,2026-04-22T06:27:55.275407,58.59
device_78,2026-04-22T06:26:55.275407,54.53
device_78,2026-04-22T06:25:55.275407,50.91
device_78,2026-04-22T06:24:55.275407,56.48
device_78,2026-04-22T06:23:55.275407,59.53
device_78,2026-04-22T06:22:55.275407,54.49
device_78,2026-04-22T06:21:55.275407,52.34
device_78,2026-04-22T06:20:55.275407,55.32
device_78,2026-04-22T06:19:55.275407,56.23
device_78,2026-04-22T06:18:55.275407,56.86
device_78,2026-04-22T06:17:55.275407,60.13
device_78,2026-04-22T06:16:55.275407,53.5
device_78,2026-04-22T06:15:55.275407,60.79
device_78,2026-04-22T06:14:55.275407,50.98
device_78,2026-04-22T06:13:55.275407,56.16
device_78,2026-04-22T06:12:55.275407,57.86
device_78,2026-04-22T06:11:55.275407,58.15
device_78,2026-04-22T06:10:55.275407,55.35
device_78,2026-04-22T06:09:55.275407,60.32
device_78,2026-04-22T06:08:55.275407,51.08
device_78,2026-04-22T06:07:55.275407,55.64
device_78,2026-04-22T06:06:55.275407,55.04
device_78,2026-04-22T06:05:55.275407,53.33
device_78,2026-04-22T06:04:55.275407,56.72
device_78,2026-04-22T06:03:55.275407,61.32
device_78,2026-04-22T06:02:55.275407,55.37
device_78,2026-04-22T06:01:55.275407,51.67
device_78,2026-04-22T06:00:55.275407,58.82
device_78,2026-04-22T05:59:55.275407,52.39
device_78,2026-04-22T05:58:55.275407,54.98
device_78,2026-04-22T05:57:55.275407,55.63
device_78,2026-04-22T05:56:55.275407,59.96
device_78,2026-04-22T05:55:55.275407,50.54
device_78,2026-04-22T05:54:55.275407,58.23
device_78,2026-04-22T05:53:55.275407,49.8
device_78,2026-04-22T05:52:55.275407,48.75
device_78,2026-04-22T05:51:55.275407,46.57
device_78,2026-04-22T05:50:55.275407,47.68
device_78,2026-04-22T05:49:55.275407,53.92
device_78,2026-04-22T05:48:55.275407,53.27
device_79,2026-04-22T06:37:55.275407,51.57
device_79,2026-04-22T06:36:55.275407,60.7
device_79,2026-04-22T06:35:55.275407,55.49
device_79,2026-04-22T06:34:55.275407,49.34
device_79,2026-04-22T06:33:55.275407,52.21
device_79,2026-04-22T06:32:55.275407,58.73
device_79,2026-04-22T06:31:55.275407,49.05
device_79,2026-04-22T06:30:55.275407,55.16
device_79,2026-04-22T06:29:55.275407,60.12
device_79,2026-04-22T06:28:55.275407,61.03
device_79,2026-04-22T06:27:55.275407,52.41
device_79,2026-04-22T06:26:55.275407,52.49
device_79,2026-04-22T06:25:55.275407,62.96
device_79,2026-04-22T06:24:55.275407,54.67
device_79,2026-04-22T06:23:55.275407,57.6
device_79,2026-04-22T06:22:55.275407,61.16
device_79,2026-04-22T06:21:55.275407,54.88
device_79,2026-04-22T06:20:55.275407,62.99
device_79,2026-04-22T06:19:55.275407,55.61
device_79,2026-04-22T06:18:55.275407,56.11
device_79,2026-04-22T06:17:55.275407,49.96
device_79,2026-04-22T06:16:55.275407,61.6
device_79,2026-04-22T06:15:55.275407,52.4
device_79,2026-04-22T06:14:55.275407,62.56
device_79,2026-04-22T06:13:55.275407,57.22
device_79,2026-04-22T06:12:55.275407,59.89
device_79,2026-04-22T06:11:55.275407,59.52
device_79,2026-04-22T06:10:55.275407,52.81
device_79,2026-04-22T06:09:55.275407,56.17
device_79,2026-04-22T06:08:55.275407,56.88
device_79,2026-04-22T06:07:55.275407,55.75
device_79,2026-04-22T06:06:55.275407,59.66
device_79,2026-04-22T06:05:55.275407,59.67
device_79,2026-04-22T06:04:55.275407,59.79
device_79,2026-04-22T06:03:55.275407,55.42
device_79,2026-04-22T06:02:55.275407,63.58
device_79,2026-04-22T06:01:55.275407,58.12
device_79,2026-04-22T06:00:55.275407,50.65
device_79,2026-04-22T05:59:55.275407,52.87
device_79,2026-04-22T05:58:55.275407,52.91
device_79,2026-04-22T05:57:55.275407,49.89
device_79,2026-04-22T05:56:55.275407,54.73
device_79,2026-04-22T05:55:55.275407,56.76
device_79,2026-04-22T05:54:55.275407,61.38
device_79,2026-04-22T05:53:55.275407,56.77
device_79,2026-04-22T05:52:55.275407,58.7
device_79,2026-04-22T05:51:55.275407,49.68
device_79,2026-04-22T05:50:55.275407,60.21
device_79,2026-04-22T05:49:55.275407,58.57
device_79,2026-04-22T05:48:55.275407,51.03
device_80,2026-04-22T06:37:55.275407,59.34
device_80,2026-04-22T06:36:55.275407,49.76
device_80,2026-04-22T06:35:55.275407,51.62
device_80,2026-04-22T06:34:55.275407,48.0
device_80,2026-04-22T06:33:55.275407,59.19
device_80,2026-04-22T06:32:55.275407,59.09
device_80,2026-04-22T06:31:55.275407,57.88
device_80,2026-04-22T06:30:55.275407,53.6
device_80,2026-04-22T06:29:55.275407,58.78
device_80,2026-04-22T06:28:55.275407,48.14
device_80,2026-04-22T06:27:55.275407,57.07
device_80,2026-04-22T06:26:55.275407,59.93
device_80,2026-04-22T06:25:55.275407,53.48
device_80,2026-04-22T06:24:55.275407,56.9
device_80,2026-04-22T06:23:55.275407,53.54
device_80,2026-04-22T06:22:55.275407,54.37
device_80,2026-04-22T06:21:55.275407,50.63
device_80,2026-04-22T06:20:55.275407,58.71
device_80,2026-04-22T06:19:55.275407,54.24
device_80,2026-04-22T06:18:55.275407,53.45
device_80,2026-04-22T06:17:55.275407,54.74
device_80,2026-04-22T06:16:55.275407,48.68
device_80,2026-04-22T06:15:55.275407,48.66
device_80,2026-04-22T06:14:55.275407,49.48
device_80,2026-04-22T06:13:55.275407,50.59
device_80,2026-04-22T06:12:55.275407,58.93
device_80,2026-04-22T06:11:55.275407,56.13
device_80,2026-04-22T06:10:55.275407,51.73
device_80,2026-04-22T06:09:55.275407,56.0
device_80,2026-04-22T06:08:55.275407,53.52
device_80,2026-04-22T06:07:55.275407,57.57
device_80,2026-04-22T06:06:55.275407,49.82
device_80,2026-04-22T06:05:55.275407,53.53
device_80,2026-04-22T06:04:55.275407,49.38
device_80,2026-04-22T06:03:55.275407,55.93
device_80,2026-04-22T06:02:55.275407,55.5
device_80,2026-04-22T06:01:55.275407,52.31
device_80,2026-04-22T06:00:55.275407,48.78
device_80,2026-04-22T05:59:55.275407,55.54
device_80,2026-04-22T05:58:55.275407,53.91
device_80,2026-04-22T05:57:55.275407,53.46
device_80,2026-04-22T05:56:55.275407,56.01
device_80,2026-04-22T05:55:55.275407,57.43
device_80,2026-04-22T05:54:55.275407,60.26
device_80,2026-04-22T05:53:55.275407,48.29
device_80,2026-04-22T05:52:55.275407,57.27
device_80,2026-04-22T05:51:55.275407,61.75
device_80,2026-04-22T05:50:55.275407,49.76
device_80,2026-04-22T05:49:55.275407,52.98
device_80,2026-04-22T05:48:55.275407,55.39
device_81,2026-04-22T06:37:55.275407,56.79
device_81,2026-04-22T06:36:55.275407,52.54
device_81,2026-04-22T06:35:55.275407,47.27
device_81,2026-04-22T06:34:55.275407,52.04
device_81,2026-04-22T06:33:55.275407,49.6
device_81,2026-04-22T06:32:55.275407,56.13
device_81,2026-04-22T06:31:55.275407,51.57
device_81,2026-04-22T06:30:55.275407,60.28
device_81,2026-04-22T06:29:55.275407,56.27
device_81,2026-04-22T06:28:55.275407,54.87
device_81,2026-04-22T06:27:55.275407,59.3
device_81,2026-04-22T06:26:55.275407,61.11
device_81,2026-04-22T06:25:55.275407,60.84
device_81,2026-04-22T06:24:55.275407,54.06
device_81,2026-04-22T06:23:55.275407,60.18
device_81,2026-04-22T06:22:55.275407,59.25
device_81,2026-04-22T06:21:55.275407,56.58
device_81,2026-04-22T06:20:55.275407,60.02
device_81,2026-04-22T06:19:55.275407,53.45
device_81,2026-04-22T06:18:55.275407,61.54
device_81,2026-04-22T06:17:55.275407,56.1
device_81,2026-04-22T06:16:55.275407,54.12
device_81,2026-04-22T06:15:55.275407,55.23
device_81,2026-04-22T06:14:55.275407,54.52
device_81,2026-04-22T06:13:55.275407,54.55
device_81,2026-04-22T06:12:55.275407,52.45
device_81,2026-04-22T06:11:55.275407,47.4
device_81,2026-04-22T06:10:55.275407,53.4
device_81,2026-04-22T06:09:55.275407,60.95
device_81,2026-04-22T06:08:55.275407,59.53
device_81,2026-04-22T06:07:55.275407,58.01
device_81,2026-04-22T06:06:55.275407,60.42
device_81,2026-04-22T06:05:55.275407,59.05
device_81,2026-04-22T06:04:55.275407,55.15
device_81,2026-04-22T06:03:55.275407,56.13
device_81,2026-04-22T06:02:55.275407,49.08
device_81,2026-04-22T06:01:55.275407,57.7
device_81,2026-04-22T06:00:55.275407,52.86
device_81,2026-04-22T05:59:55.275407,55.62
device_81,2026-04-22T05:58:55.275407,50.52
device_81,2026-04-22T05:57:55.275407,57.04
device_81,2026-04-22T05:56:55.275407,47.53
device_81,2026-04-22T05:55:55.275407,56.43
device_81,2026-04-22T05:54:55.275407,58.12
device_81,2026-04-22T05:53:55.275407,46.21
device_81,2026-04-22T05:52:55.275407,56.08
device_81,2026-04-22T05:51:55.275407,61.15
device_81,2026-04-22T05:50:55.275407,53.73
device_81,2026-04-22T05:49:55.275407,55.18
device_81,2026-04-22T05:48:55.275407,50.23
device_82,2026-04-22T06:37:55.275407,50.26
device_82,2026-04-22T06:36:55.275407,53.44
device_82,2026-04-22T06:35:55.275407,54.61
device_82,2026-04-22T06:34:55.275407,51.73
device_82,2026-04-22T06:33:55.275407,48.32
device_82,2026-04-22T06:32:55.275407,55.15
device_82,2026-04-22T06:31:55.275407,60.98
device_82,2026-04-22T06:30:55.275407,51.86
device_82,2026-04-22T06:29:55.275407,56.13
device_82,2026-04-22T06:28:55.275407,54.87
device_82,2026-04-22T06:27:55.275407,46.98
device_82,2026-04-22T06:26:55.275407,58.24
device_82,2026-04-22T06:25:55.275407,55.2
device_82,2026-04-22T06:24:55.275407,50.62
device_82,2026-04-22T06:23:55.275407,55.33
device_82,2026-04-22T06:22:55.275407,56.06
device_82,2026-04-22T06:21:55.275407,55.14
device_82,2026-04-22T06:20:55.275407,55.73
device_82,2026-04-22T06:19:55.275407,55.6
device_82,2026-04-22T06:18:55.275407,59.57
device_82,2026-04-22T06:17:55.275407,52.47
device_82,2026-04-22T06:16:55.275407,54.05
device_82,2026-04-22T06:15:55.275407,55.41
device_82,2026-04-22T06:14:55.275407,51.82
device_82,2026-04-22T06:13:55.275407,59.66
device_82,2026-04-22T06:12:55.275407,48.16
device_82,2026-04-22T06:11:55.275407,61.5
device_82,2026-04-22T06:10:55.275407,57.15
device_82,2026-04-22T06:09:55.275407,52.39
device_82,2026-04-22T06:08:55.275407,57.57
device_82,2026-04-22T06:07:55.275407,61.57
device_82,2026-04-22T06:06:55.275407,49.41
device_82,2026-04-22T06:05:55.275407,50.12
device_82,2026-04-22T06:04:55.275407,55.39
device_82,2026-04-22T06:03:55.275407,54.08
device_82,2026-04-22T06:02:55.275407,53.36
device_82,2026-04-22T06:01:55.275407,61.4
device_82,2026-04-22T06:00:55.275407,51.22
device_82,2026-04-22T05:59:55.275407,49.2
device_82,2026-04-22T05:58:55.275407,59.02
device_82,2026-04-22T05:57:55.275407,49.69
device_82,2026-04-22T05:56:55.275407,50.61
device_82,2026-04-22T05:55:55.275407,52.99
device_82,2026-04-22T05:54:55.275407,54.14
device_82,2026-04-22T05:53:55.275407,53.4
device_82,2026-04-22T05:52:55.275407,56.08
device_82,2026-04-22T05:51:55.275407,54.42
device_82,2026-04-22T05:50:55.275407,51.6
device_82,2026-04-22T05:49:55.275407,56.62
device_82,2026-04-22T05:48:55.275407,63.63
device_83,2026-04-22T06:37:55.275407,60.22
device_83,2026-04-22T06:36:55.275407,56.15
device_83,2026-04-22T06:35:55.275407,56.78
device_83,2026-04-22T06:34:55.275407,57.41
device_83,2026-04-22T06:33:55.275407,49.29
device_83,2026-04-22T06:32:55.275407,52.32
device_83,2026-04-22T06:31:55.275407,57.01
device_83,2026-04-22T06:30:55.275407,60.94
device_83,2026-04-22T06:29:55.275407,61.26
device_83,2026-04-22T06:28:55.275407,50.51
device_83,2026-04-22T06:27:55.275407,57.46
device_83,2026-04-22T06:26:55.275407,49.05
device_83,2026-04-22T06:25:55.275407,52.11
device_83,2026-04-22T06:24:55.275407,52.84
device_83,2026-04-22T06:23:55.275407,59.2
device_83,2026-04-22T06:22:55.275407,54.83
device_83,2026-04-22T06:21:55.275407,62.32
device_83,2026-04-22T06:20:55.275407,55.14
device_83,2026-04-22T06:19:55.275407,56.94
device_83,2026-04-22T06:18:55.275407,49.79
device_83,2026-04-22T06:17:55.275407,57.83
device_83,2026-04-22T06:16:55.275407,53.46
device_83,2026-04-22T06:15:55.275407,57.98
device_83,2026-04-22T06:14:55.275407,55.68
device_83,2026-04-22T06:13:55.275407,54.61
device_83,2026-04-22T06:12:55.275407,57.99
device_83,2026-04-22T06:11:55.275407,51.1
device_83,2026-04-22T06:10:55.275407,49.14
device_83,2026-04-22T06:09:55.275407,61.64
device_83,2026-04-22T06:08:55.275407,53.04
device_83,2026-04-22T06:07:55.275407,49.92
device_83,2026-04-22T06:06:55.275407,55.4
device_83,2026-04-22T06:05:55.275407,53.95
device_83,2026-04-22T06:04:55.275407,54.4
device_83,2026-04-22T06:03:55.275407,49.17
device_83,2026-04-22T06:02:55.275407,55.93
device_83,2026-04-22T06:01:55.275407,51.03
device_83,2026-04-22T06:00:55.275407,52.4
device_83,2026-04-22T05:59:55.275407,60.45
device_83,2026-04-22T05:58:55.275407,57.88
device_83,2026-04-22T05:57:55.275407,49.88
device_83,2026-04-22T05:56:55.275407,58.81
device_83,2026-04-22T05:55:55.275407,52.66
device_83,2026-04-22T05:54:55.275407,48.88
device_83,2026-04-22T05:53:55.275407,59.73
device_83,2026-04-22T05:52:55.275407,56.16
device_83,2026-04-22T05:51:55.275407,60.48
device_83,2026-04-22T05:50:55.275407,59.19
device_83,2026-04-22T05:49:55.275407,60.29
device_83,2026-04-22T05:48:55.275407,57.98
device_84,2026-04-22T06:37:55.275407,59.72
device_84,2026-04-22T06:36:55.275407,49.67
device_84,2026-04-22T06:35:55.275407,56.05
device_84,2026-04-22T06:34:55.275407,54.26
device_84,2026-04-22T06:33:55.275407,58.76
device_84,2026-04-22T06:32:55.275407,52.33
device_84,2026-04-22T06:31:55.275407,53.03
device_84,2026-04-22T06:30:55.275407,55.36
device_84,2026-04-22T06:29:55.275407,55.21
device_84,2026-04-22T06:28:55.275407,49.72
device_84,2026-04-22T06:27:55.275407,56.3
device_84,2026-04-22T06:26:55.275407,53.25
device_84,2026-04-22T06:25:55.275407,52.54
device_84,2026-04-22T06:24:55.275407,49.2
device_84,2026-04-22T06:23:55.275407,61.5
device_84,2026-04-22T06:22:55.275407,54.65
device_84,2026-04-22T06:21:55.275407,57.72
device_84,2026-04-22T06:20:55.275407,47.18
device_84,2026-04-22T06:19:55.275407,58.56
device_84,2026-04-22T06:18:55.275407,55.1
device_84,2026-04-22T06:17:55.275407,56.74
device_84,2026-04-22T06:16:55.275407,52.81
device_84,2026-04-22T06:15:55.275407,60.7
device_84,2026-04-22T06:14:55.275407,54.17
device_84,2026-04-22T06:13:55.275407,47.1
device_84,2026-04-22T06:12:55.275407,60.2
device_84,2026-04-22T06:11:55.275407,61.99
device_84,2026-04-22T06:10:55.275407,55.72
device_84,2026-04-22T06:09:55.275407,47.73
device_84,2026-04-22T06:08:55.275407,59.9
device_84,2026-04-22T06:07:55.275407,60.31
device_84,2026-04-22T06:06:55.275407,54.96
device_84,2026-04-22T06:05:55.275407,48.83
device_84,2026-04-22T06:04:55.275407,55.67
device_84,2026-04-22T06:03:55.275407,50.58
device_84,2026-04-22T06:02:55.275407,58.63
device_84,2026-04-22T06:01:55.275407,60.62
device_84,2026-04-22T06:00:55.275407,50.7
device_84,2026-04-22T05:59:55.275407,50.97
device_84,2026-04-22T05:58:55.275407,56.08
device_84,2026-04-22T05:57:55.275407,56.87
device_84,2026-04-22T05:56:55.275407,56.09
device_84,2026-04-22T05:55:55.275407,57.47
device_84,2026-04-22T05:54:55.275407,55.3
device_84,2026-04-22T05:53:55.275407,46.99
device_84,2026-04-22T05:52:55.275407,62.04
device_84,2026-04-22T05:51:55.275407,61.04
device_84,2026-04-22T05:50:55.275407,56.22
device_84,2026-04-22T05:49:55.275407,57.35
device_84,2026-04-22T05:48:55.275407,57.36
device_85,2026-04-22T06:37:55.275407,48.6
device_85,2026-04-22T06:36:55.275407,58.04
device_85,2026-04-22T06:35:55.275407,59.74
device_85,2026-04-22T06:34:55.275407,55.04
device_85,2026-04-22T06:33:55.275407,52.97
device_85,2026-04-22T06:32:55.275407,52.18
device_85,2026-04-22T06:31:55.275407,50.8
device_85,2026-04-22T06:30:55.275407,61.16
device_85,2026-04-22T06:29:55.275407,52.35
device_85,2026-04-22T06:28:55.275407,52.27
device_85,2026-04-22T06:27:55.275407,49.84
device_85,2026-04-22T06:26:55.275407,47.99
device_85,2026-04-22T06:25:55.275407,48.43
device_85,2026-04-22T06:24:55.275407,60.32
device_85,2026-04-22T06:23:55.275407,57.62
device_85,2026-04-22T06:22:55.275407,57.01
device_85,2026-04-22T06:21:55.275407,54.88
device_85,2026-04-22T06:20:55.275407,55.71
device_85,2026-04-22T06:19:55.275407,60.87
device_85,2026-04-22T06:18:55.275407,55.06
device_85,2026-04-22T06:17:55.275407,53.43
device_85,2026-04-22T06:16:55.275407,58.49
device_85,2026-04-22T06:15:55.275407,54.09
device_85,2026-04-22T06:14:55.275407,55.82
device_85,2026-04-22T06:13:55.275407,58.48
device_85,2026-04-22T06:12:55.275407,47.55
device_85,2026-04-22T06:11:55.275407,49.17
device_85,2026-04-22T06:10:55.275407,56.17
device_85,2026-04-22T06:09:55.275407,53.19
device_85,2026-04-22T06:08:55.275407,54.63
device_85,2026-04-22T06:07:55.275407,60.22
device_85,2026-04-22T06:06:55.275407,61.58
device_85,2026-04-22T06:05:55.275407,61.71
device_85,2026-04-22T06:04:55.275407,51.83
device_85,2026-04-22T06:03:55.275407,51.91
device_85,2026-04-22T06:02:55.275407,51.95
device_85,2026-04-22T06:01:55.275407,56.6
device_85,2026-04-22T06:00:55.275407,53.84
device_85,2026-04-22T05:59:55.275407,45.98
device_85,2026-04-22T05:58:55.275407,59.32
device_85,2026-04-22T05:57:55.275407,55.28
device_85,2026-04-22T05:56:55.275407,60.97
device_85,2026-04-22T05:55:55.275407,56.68
device_85,2026-04-22T05:54:55.275407,60.09
device_85,2026-04-22T05:53:55.275407,54.72
device_85,2026-04-22T05:52:55.275407,54.97
device_85,2026-04-22T05:51:55.275407,58.05
device_85,2026-04-22T05:50:55.275407,49.39
device_85,2026-04-22T05:49:55.275407,51.16
device_85,2026-04-22T05:48:55.275407,47.21
device_86,2026-04-22T06:37:55.275407,52.31
device_86,2026-04-22T06:36:55.275407,57.9
device_86,2026-04-22T06:35:55.275407,52.55
device_86,2026-04-22T06:34:55.275407,53.64
device_86,2026-04-22T06:33:55.275407,55.35
device_86,2026-04-22T06:32:55.275407,53.8
device_86,2026-04-22T06:31:55.275407,56.51
device_86,2026-04-22T06:30:55.275407,53.61
device_86,2026-04-22T06:29:55.275407,53.47
device_86,2026-04-22T06:28:55.275407,52.76
device_86,2026-04-22T06:27:55.275407,62.83
device_86,2026-04-22T06:26:55.275407,47.66
device_86,2026-04-22T06:25:55.275407,50.6
device_86,2026-04-22T06:24:55.275407,53.01
device_86,2026-04-22T06:23:55.275407,52.96
device_86,2026-04-22T06:22:55.275407,61.98
device_86,2026-04-22T06:21:55.275407,52.5
device_86,2026-04-22T06:20:55.275407,50.94
device_86,2026-04-22T06:19:55.275407,51.92
device_86,2026-04-22T06:18:55.275407,53.62
device_86,2026-04-22T06:17:55.275407,52.17
device_86,2026-04-22T06:16:55.275407,63.46
device_86,2026-04-22T06:15:55.275407,52.2
device_86,2026-04-22T06:14:55.275407,60.35
device_86,2026-04-22T06:13:55.275407,56.12
device_86,2026-04-22T06:12:55.275407,50.81
device_86,2026-04-22T06:11:55.275407,57.06
device_86,2026-04-22T06:10:55.275407,58.2
device_86,2026-04-22T06:09:55.275407,54.76
device_86,2026-04-22T06:08:55.275407,58.72
device_86,2026-04-22T06:07:55.275407,54.11
device_86,2026-04-22T06:06:55.275407,55.65
device_86,2026-04-22T06:05:55.275407,49.13
device_86,2026-04-22T06:04:55.275407,54.69
device_86,2026-04-22T06:03:55.275407,52.1
device_86,2026-04-22T06:02:55.275407,55.07
device_86,2026-04-22T06:01:55.275407,52.84
device_86,2026-04-22T06:00:55.275407,61.16
device_86,2026-04-22T05:59:55.275407,58.93
device_86,2026-04-22T05:58:55.275407,61.08
device_86,2026-04-22T05:57:55.275407,46.61
device_86,2026-04-22T05:56:55.275407,61.59
device_86,2026-04-22T05:55:55.275407,46.7
device_86,2026-04-22T05:54:55.275407,53.08
device_86,2026-04-22T05:53:55.275407,62.75
device_86,2026-04-22T05:52:55.275407,53.33
device_86,2026-04-22T05:51:55.275407,56.3
device_86,2026-04-22T05:50:55.275407,54.01
device_86,2026-04-22T05:49:55.275407,57.09
device_86,2026-04-22T05:48:55.275407,58.34
device_87,2026-04-22T06:37:55.275407,55.77
device_87,2026-04-22T06:36:55.275407,53.5
device_87,2026-04-22T06:35:55.275407,54.38
device_87,2026-04-22T06:34:55.275407,58.08
device_87,2026-04-22T06:33:55.275407,46.4
device_87,2026-04-22T06:32:55.275407,56.18
device_87,2026-04-22T06:31:55.275407,52.55
device_87,2026-04-22T06:30:55.275407,61.48
device_87,2026-04-22T06:29:55.275407,53.63
device_87,2026-04-22T06:28:55.275407,49.24
device_87,2026-04-22T06:27:55.275407,55.02
device_87,2026-04-22T06:26:55.275407,54.45
device_87,2026-04-22T06:25:55.275407,56.52
device_87,2026-04-22T06:24:55.275407,58.42
device_87,2026-04-22T06:23:55.275407,58.18
device_87,2026-04-22T06:22:55.275407,54.25
device_87,2026-04-22T06:21:55.275407,49.85
device_87,2026-04-22T06:20:55.275407,48.81
device_87,2026-04-22T06:19:55.275407,55.35
device_87,2026-04-22T06:18:55.275407,60.67
device_87,2026-04-22T06:17:55.275407,56.8
device_87,2026-04-22T06:16:55.275407,56.53
device_87,2026-04-22T06:15:55.275407,61.31
device_87,2026-04-22T06:14:55.275407,55.07
device_87,2026-04-22T06:13:55.275407,53.33
device_87,2026-04-22T06:12:55.275407,56.15
device_87,2026-04-22T06:11:55.275407,54.34
device_87,2026-04-22T06:10:55.275407,56.75
device_87,2026-04-22T06:09:55.275407,58.16
device_87,2026-04-22T06:08:55.275407,52.88
device_87,2026-04-22T06:07:55.275407,49.82
device_87,2026-04-22T06:06:55.275407,51.61
device_87,2026-04-22T06:05:55.275407,59.95
device_87,2026-04-22T06:04:55.275407,60.87
device_87,2026-04-22T06:03:55.275407,59.59
device_87,2026-04-22T06:02:55.275407,55.78
device_87,2026-04-22T06:01:55.275407,59.94
device_87,2026-04-22T06:00:55.275407,57.56
device_87,2026-04-22T05:59:55.275407,55.2
device_87,2026-04-22T05:58:55.275407,54.7
device_87,2026-04-22T05:57:55.275407,56.66
device_87,2026-04-22T05:56:55.275407,59.11
device_87,2026-04-22T05:55:55.275407,49.48
device_87,2026-04-22T05:54:55.275407,51.88
device_87,2026-04-22T05:53:55.275407,46.48
device_87,2026-04-22T05:52:55.275407,63.84
device_87,2026-04-22T05:51:55.275407,49.82
device_87,2026-04-22T05:50:55.275407,56.05
device_87,2026-04-22T05:49:55.275407,55.48
device_87,2026-04-22T05:48:55.275407,47.86
device_88,2026-04-22T06:37:55.275407,58.55
device_88,2026-04-22T06:36:55.275407,55.81
device_88,2026-04-22T06:35:55.275407,52.99
device_88,2026-04-22T06:34:55.275407,57.21
device_88,2026-04-22T06:33:55.275407,61.86
device_88,2026-04-22T06:32:55.275407,53.75
device_88,2026-04-22T06:31:55.275407,63.43
device_88,2026-04-22T06:30:55.275407,56.39
device_88,2026-04-22T06:29:55.275407,56.96
device_88,2026-04-22T06:28:55.275407,48.64
device_88,2026-04-22T06:27:55.275407,59.53
device_88,2026-04-22T06:26:55.275407,53.12
device_88,2026-04-22T06:25:55.275407,56.32
device_88,2026-04-22T06:24:55.275407,60.44
device_88,2026-04-22T06:23:55.275407,59.21
device_88,2026-04-22T06:22:55.275407,54.64
device_88,2026-04-22T06:21:55.275407,52.07
device_88,2026-04-22T06:20:55.275407,56.32
device_88,2026-04-22T06:19:55.275407,51.22
device_88,2026-04-22T06:18:55.275407,58.45
device_88,2026-04-22T06:17:55.275407,56.03
device_88,2026-04-22T06:16:55.275407,53.74
device_88,2026-04-22T06:15:55.275407,56.22
device_88,2026-04-22T06:14:55.275407,54.06
device_88,2026-04-22T06:13:55.275407,56.43
device_88,2026-04-22T06:12:55.275407,50.32
device_88,2026-04-22T06:11:55.275407,58.2
device_88,2026-04-22T06:10:55.275407,61.5
device_88,2026-04-22T06:09:55.275407,60.93
device_88,2026-04-22T06:08:55.275407,56.64
device_88,2026-04-22T06:07:55.275407,50.47
device_88,2026-04-22T06:06:55.275407,61.27
device_88,2026-04-22T06:05:55.275407,57.42
device_88,2026-04-22T06:04:55.275407,56.83
device_88,2026-04-22T06:03:55.275407,57.17
device_88,2026-04-22T06:02:55.275407,49.74
device_88,2026-04-22T06:01:55.275407,55.43
device_88,2026-04-22T06:00:55.275407,61.06
device_88,2026-04-22T05:59:55.275407,54.46
device_88,2026-04-22T05:58:55.275407,54.4
device_88,2026-04-22T05:57:55.275407,52.39
device_88,2026-04-22T05:56:55.275407,57.53
device_88,2026-04-22T05:55:55.275407,57.41
device_88,2026-04-22T05:54:55.275407,53.94
device_88,2026-04-22T05:53:55.275407,54.13
device_88,2026-04-22T05:52:55.275407,54.08
device_88,2026-04-22T05:51:55.275407,47.08
device_88,2026-04-22T05:50:55.275407,51.42
device_88,2026-04-22T05:49:55.275407,62.38
device_88,2026-04-22T05:48:55.275407,59.96
device_89,2026-04-22T06:37:55.275407,56.84
device_89,2026-04-22T06:36:55.275407,58.86
device_89,2026-04-22T06:35:55.275407,52.05
device_89,2026-04-22T06:34:55.275407,47.33
device_89,2026-04-22T06:33:55.275407,50.79
device_89,2026-04-22T06:32:55.275407,58.47
device_89,2026-04-22T06:31:55.275407,58.51
device_89,2026-04-22T06:30:55.275407,55.91
device_89,2026-04-22T06:29:55.275407,51.27
device_89,2026-04-22T06:28:55.275407,58.24
device_89,2026-04-22T06:27:55.275407,57.28
device_89,2026-04-22T06:26:55.275407,51.18
device_89,2026-04-22T06:25:55.275407,52.52
device_89,2026-04-22T06:24:55.275407,53.78
device_89,2026-04-22T06:23:55.275407,55.63
device_89,2026-04-22T06:22:55.275407,55.49
device_89,2026-04-22T06:21:55.275407,52.78
device_89,2026-04-22T06:20:55.275407,49.06
device_89,2026-04-22T06:19:55.275407,56.47
device_89,2026-04-22T06:18:55.275407,59.8
device_89,2026-04-22T06:17:55.275407,50.22
device_89,2026-04-22T06:16:55.275407,52.04
device_89,2026-04-22T06:15:55.275407,49.83
device_89,2026-04-22T06:14:55.275407,62.47
device_89,2026-04-22T06:13:55.275407,61.6
device_89,2026-04-22T06:12:55.275407,47.84
device_89,2026-04-22T06:11:55.275407,53.0
device_89,2026-04-22T06:10:55.275407,54.61
device_89,2026-04-22T06:09:55.275407,53.51
device_89,2026-04-22T06:08:55.275407,45.82
device_89,2026-04-22T06:07:55.275407,49.9
device_89,2026-04-22T06:06:55.275407,50.49
device_89,2026-04-22T06:05:55.275407,52.55
device_89,2026-04-22T06:04:55.275407,56.55
device_89,2026-04-22T06:03:55.275407,49.83
device_89,2026-04-22T06:02:55.275407,52.26
device_89,2026-04-22T06:01:55.275407,56.44
device_89,2026-04-22T06:00:55.275407,52.98
device_89,2026-04-22T05:59:55.275407,61.0
device_89,2026-04-22T05:58:55.275407,59.91
device_89,2026-04-22T05:57:55.275407,52.17
device_89,2026-04-22T05:56:55.275407,50.68
device_89,2026-04-22T05:55:55.275407,57.2
device_89,2026-04-22T05:54:55.275407,49.61
device_89,2026-04-22T05:53:55.275407,60.5
device_89,2026-04-22T05:52:55.275407,51.8
device_89,2026-04-22T05:51:55.275407,51.05
device_89,2026-04-22T05:50:55.275407,63.64
device_89,2026-04-22T05:49:55.275407,60.04
device_89,2026-04-22T05:48:55.275407,56.04
device_90,2026-04-22T06:37:55.275407,53.77
device_90,2026-04-22T06:36:55.275407,48.73
device_90,2026-04-22T06:35:55.275407,58.17
device_90,2026-04-22T06:34:55.275407,62.36
device_90,2026-04-22T06:33:55.275407,63.0
device_90,2026-04-22T06:32:55.275407,52.89
device_90,2026-04-22T06:31:55.275407,59.1
device_90,2026-04-22T06:30:55.275407,58.08
device_90,2026-04-22T06:29:55.275407,58.3
device_90,2026-04-22T06:28:55.275407,54.23
device_90,2026-04-22T06:27:55.275407,56.11
device_90,2026-04-22T06:26:55.275407,50.65
device_90,2026-04-22T06:25:55.275407,54.51
device_90,2026-04-22T06:24:55.275407,52.62
device_90,2026-04-22T06:23:55.275407,46.58
device_90,2026-04-22T06:22:55.275407,53.49
device_90,2026-04-22T06:21:55.275407,52.05
device_90,2026-04-22T06:20:55.275407,56.05
device_90,2026-04-22T06:19:55.275407,54.8
device_90,2026-04-22T06:18:55.275407,57.72
device_90,2026-04-22T06:17:55.275407,53.72
device_90,2026-04-22T06:16:55.275407,53.95
device_90,2026-04-22T06:15:55.275407,54.76
device_90,2026-04-22T06:14:55.275407,55.62
device_90,2026-04-22T06:13:55.275407,49.33
device_90,2026-04-22T06:12:55.275407,49.43
device_90,2026-04-22T06:11:55.275407,61.37
device_90,2026-04-22T06:10:55.275407,53.49
device_90,2026-04-22T06:09:55.275407,56.2
device_90,2026-04-22T06:08:55.275407,56.7
device_90,2026-04-22T06:07:55.275407,55.88
device_90,2026-04-22T06:06:55.275407,47.33
device_90,2026-04-22T06:05:55.275407,62.06
device_90,2026-04-22T06:04:55.275407,54.41
device_90,2026-04-22T06:03:55.275407,57.36
device_90,2026-04-22T06:02:55.275407,52.53
device_90,2026-04-22T06:01:55.275407,56.97
device_90,2026-04-22T06:00:55.275407,59.73
device_90,2026-04-22T05:59:55.275407,55.99
device_90,2026-04-22T05:58:55.275407,53.69
device_90,2026-04-22T05:57:55.275407,51.78
device_90,2026-04-22T05:56:55.275407,49.5
device_90,2026-04-22T05:55:55.275407,64.14
device_90,2026-04-22T05:54:55.275407,52.3
device_90,2026-04-22T05:53:55.275407,53.62
device_90,2026-04-22T05:52:55.275407,55.71
device_90,2026-04-22T05:51:55.275407,53.11
device_90,2026-04-22T05:50:55.275407,63.65
device_90,2026-04-22T05:49:55.275407,48.9
device_90,2026-04-22T05:48:55.275407,63.54
device_91,2026-04-22T06:37:55.275407,56.52
device_91,2026-04-22T06:36:55.275407,49.81
device_91,2026-04-22T06:35:55.275407,59.25
device_91,2026-04-22T06:34:55.275407,56.18
device_91,2026-04-22T06:33:55.275407,50.86
device_91,2026-04-22T06:32:55.275407,52.43
device_91,2026-04-22T06:31:55.275407,55.18
device_91,2026-04-22T06:30:55.275407,62.76
device_91,2026-04-22T06:29:55.275407,55.03
device_91,2026-04-22T06:28:55.275407,49.28
device_91,2026-04-22T06:27:55.275407,57.1
device_91,2026-04-22T06:26:55.275407,57.49
device_91,2026-04-22T06:25:55.275407,60.03
device_91,2026-04-22T06:24:55.275407,47.57
device_91,2026-04-22T06:23:55.275407,51.12
device_91,2026-04-22T06:22:55.275407,48.01
device_91,2026-04-22T06:21:55.275407,50.2
device_91,2026-04-22T06:20:55.275407,58.22
device_91,2026-04-22T06:19:55.275407,54.78
device_91,2026-04-22T06:18:55.275407,53.82
device_91,2026-04-22T06:17:55.275407,61.33
device_91,2026-04-22T06:16:55.275407,53.64
device_91,2026-04-22T06:15:55.275407,50.0
device_91,2026-04-22T06:14:55.275407,55.49
device_91,2026-04-22T06:13:55.275407,58.71
device_91,2026-04-22T06:12:55.275407,51.15
device_91,2026-04-22T06:11:55.275407,60.65
device_91,2026-04-22T06:10:55.275407,61.12
device_91,2026-04-22T06:09:55.275407,55.02
device_91,2026-04-22T06:08:55.275407,56.67
device_91,2026-04-22T06:07:55.275407,55.34
device_91,2026-04-22T06:06:55.275407,46.22
device_91,2026-04-22T06:05:55.275407,45.99
device_91,2026-04-22T06:04:55.275407,52.62
device_91,2026-04-22T06:03:55.275407,47.24
device_91,2026-04-22T06:02:55.275407,56.59
device_91,2026-04-22T06:01:55.275407,51.63
device_91,2026-04-22T06:00:55.275407,54.18
device_91,2026-04-22T05:59:55.275407,51.46
device_91,2026-04-22T05:58:55.275407,52.14
device_91,2026-04-22T05:57:55.275407,51.34
device_91,2026-04-22T05:56:55.275407,46.32
device_91,2026-04-22T05:55:55.275407,50.76
device_91,2026-04-22T05:54:55.275407,50.15
device_91,2026-04-22T05:53:55.275407,54.48
device_91,2026-04-22T05:52:55.275407,47.04
device_91,2026-04-22T05:51:55.275407,53.4
device_91,2026-04-22T05:50:55.275407,51.51
device_91,2026-04-22T05:49:55.275407,52.44
device_91,2026-04-22T05:48:55.275407,54.72
device_92,2026-04-22T06:37:55.275407,59.04
device_92,2026-04-22T06:36:55.275407,49.25
device_92,2026-04-22T06:35:55.275407,61.62
device_92,2026-04-22T06:34:55.275407,55.29
device_92,2026-04-22T06:33:55.275407,58.13
device_92,2026-04-22T06:32:55.275407,59.4
device_92,2026-04-22T06:31:55.275407,53.76
device_92,2026-04-22T06:30:55.275407,54.95
device_92,2026-04-22T06:29:55.275407,58.88
device_92,2026-04-22T06:28:55.275407,61.04
device_92,2026-04-22T06:27:55.275407,55.79
device_92,2026-04-22T06:26:55.275407,58.52
device_92,2026-04-22T06:25:55.275407,56.64
device_92,2026-04-22T06:24:55.275407,55.34
device_92,2026-04-22T06:23:55.275407,61.52
device_92,2026-04-22T06:22:55.275407,49.96
device_92,2026-04-22T06:21:55.275407,58.3
device_92,2026-04-22T06:20:55.275407,54.26
device_92,2026-04-22T06:19:55.275407,53.59
device_92,2026-04-22T06:18:55.275407,59.94
device_92,2026-04-22T06:17:55.275407,60.14
device_92,2026-04-22T06:16:55.275407,58.57
device_92,2026-04-22T06:15:55.275407,56.37
device_92,2026-04-22T06:14:55.275407,50.58
device_92,2026-04-22T06:13:55.275407,50.04
device_92,2026-04-22T06:12:55.275407,55.87
device_92,2026-04-22T06:11:55.275407,55.26
device_92,2026-04-22T06:10:55.275407,55.89
device_92,2026-04-22T06:09:55.275407,52.7
device_92,2026-04-22T06:08:55.275407,54.39
device_92,2026-04-22T06:07:55.275407,55.98
device_92,2026-04-22T06:06:55.275407,52.54
device_92,2026-04-22T06:05:55.275407,56.64
device_92,2026-04-22T06:04:55.275407,52.44
device_92,2026-04-22T06:03:55.275407,55.7
device_92,2026-04-22T06:02:55.275407,47.92
device_92,2026-04-22T06:01:55.275407,56.0
device_92,2026-04-22T06:00:55.275407,57.66
device_92,2026-04-22T05:59:55.275407,57.79
device_92,2026-04-22T05:58:55.275407,50.39
device_92,2026-04-22T05:57:55.275407,57.29
device_92,2026-04-22T05:56:55.275407,59.41
device_92,2026-04-22T05:55:55.275407,59.82
device_92,2026-04-22T05:54:55.275407,51.12
device_92,2026-04-22T05:53:55.275407,52.38
device_92,2026-04-22T05:52:55.275407,49.52
device_92,2026-04-22T05:51:55.275407,60.57
device_92,2026-04-22T05:50:55.275407,58.51
device_92,2026-04-22T05:49:55.275407,60.16
device_92,2026-04-22T05:48:55.275407,58.7
device_93,2026-04-22T06:37:55.275407,63.92
device_93,2026-04-22T06:36:55.275407,54.12
device_93,2026-04-22T06:35:55.275407,58.51
device_93,2026-04-22T06:34:55.275407,57.19
device_93,2026-04-22T06:33:55.275407,45.97
device_93,2026-04-22T06:32:55.275407,53.93
device_93,2026-04-22T06:31:55.275407,54.47
device_93,2026-04-22T06:30:55.275407,48.85
device_93,2026-04-22T06:29:55.275407,52.75
device_93,2026-04-22T06:28:55.275407,60.86
device_93,2026-04-22T06:27:55.275407,57.89
device_93,2026-04-22T06:26:55.275407,60.48
device_93,2026-04-22T06:25:55.275407,51.02
device_93,2026-04-22T06:24:55.275407,62.59
device_93,2026-04-22T06:23:55.275407,54.39
device_93,2026-04-22T06:22:55.275407,61.25
device_93,2026-04-22T06:21:55.275407,52.77
device_93,2026-04-22T06:20:55.275407,55.6
device_93,2026-04-22T06:19:55.275407,55.56
device_93,2026-04-22T06:18:55.275407,50.71
device_93,2026-04-22T06:17:55.275407,49.99
device_93,2026-04-22T06:16:55.275407,54.7
device_93,2026-04-22T06:15:55.275407,54.89
device_93,2026-04-22T06:14:55.275407,49.17
device_93,2026-04-22T06:13:55.275407,55.77
device_93,2026-04-22T06:12:55.275407,51.65
device_93,2026-04-22T06:11:55.275407,57.07
device_93,2026-04-22T06:10:55.275407,55.46
device_93,2026-04-22T06:09:55.275407,52.95
device_93,2026-04-22T06:08:55.275407,64.22
device_93,2026-04-22T06:07:55.275407,53.33
device_93,2026-04-22T06:06:55.275407,59.13
device_93,2026-04-22T06:05:55.275407,55.93
device_93,2026-04-22T06:04:55.275407,55.73
device_93,2026-04-22T06:03:55.275407,49.21
device_93,2026-04-22T06:02:55.275407,52.57
device_93,2026-04-22T06:01:55.275407,49.48
device_93,2026-04-22T06:00:55.275407,51.03
device_93,2026-04-22T05:59:55.275407,53.11
device_93,2026-04-22T05:58:55.275407,60.85
device_93,2026-04-22T05:57:55.275407,61.81
device_93,2026-04-22T05:56:55.275407,50.17
device_93,2026-04-22T05:55:55.275407,54.79
device_93,2026-04-22T05:54:55.275407,52.77
device_93,2026-04-22T05:53:55.275407,53.31
device_93,2026-04-22T05:52:55.275407,53.46
device_93,2026-04-22T05:51:55.275407,53.6
device_93,2026-04-22T05:50:55.275407,51.96
device_93,2026-04-22T05:49:55.275407,60.9
device_93,2026-04-22T05:48:55.275407,63.37
device_94,2026-04-22T06:37:55.275407,50.73
device_94,2026-04-22T06:36:55.275407,51.47
device_94,2026-04-22T06:35:55.275407,58.88
device_94,2026-04-22T06:34:55.275407,61.44
device_94,2026-04-22T06:33:55.275407,53.45
device_94,2026-04-22T06:32:55.275407,58.09
device_94,2026-04-22T06:31:55.275407,57.49
device_94,2026-04-22T06:30:55.275407,55.6
device_94,2026-04-22T06:29:55.275407,54.01
device_94,2026-04-22T06:28:55.275407,54.03
device_94,2026-04-22T06:27:55.275407,54.83
device_94,2026-04-22T06:26:55.275407,61.91
device_94,2026-04-22T06:25:55.275407,53.62
device_94,2026-04-22T06:24:55.275407,54.77
device_94,2026-04-22T06:23:55.275407,55.19
device_94,2026-04-22T06:22:55.275407,57.33
device_94,2026-04-22T06:21:55.275407,53.11
device_94,2026-04-22T06:20:55.275407,51.83
device_94,2026-04-22T06:19:55.275407,48.18
device_94,2026-04-22T06:18:55.275407,52.33
device_94,2026-04-22T06:17:55.275407,55.72
device_94,2026-04-22T06:16:55.275407,58.03
device_94,2026-04-22T06:15:55.275407,51.93
device_94,2026-04-22T06:14:55.275407,52.85
device_94,2026-04-22T06:13:55.275407,56.63
device_94,2026-04-22T06:12:55.275407,62.65
device_94,2026-04-22T06:11:55.275407,47.68
device_94,2026-04-22T06:10:55.275407,56.39
device_94,2026-04-22T06:09:55.275407,55.47
device_94,2026-04-22T06:08:55.275407,55.26
device_94,2026-04-22T06:07:55.275407,45.3
device_94,2026-04-22T06:06:55.275407,47.12
device_94,2026-04-22T06:05:55.275407,56.84
device_94,2026-04-22T06:04:55.275407,54.94
device_94,2026-04-22T06:03:55.275407,55.84
device_94,2026-04-22T06:02:55.275407,56.78
device_94,2026-04-22T06:01:55.275407,50.9
device_94,2026-04-22T06:00:55.275407,53.06
device_94,2026-04-22T05:59:55.275407,51.96
device_94,2026-04-22T05:58:55.275407,56.86
device_94,2026-04-22T05:57:55.275407,55.8
device_94,2026-04-22T05:56:55.275407,56.41
device_94,2026-04-22T05:55:55.275407,52.25
device_94,2026-04-22T05:54:55.275407,50.91
device_94,2026-04-22T05:53:55.275407,63.65
device_94,2026-04-22T05:52:55.275407,63.85
device_94,2026-04-22T05:51:55.275407,58.15
device_94,2026-04-22T05:50:55.275407,56.92
device_94,2026-04-22T05:49:55.275407,54.38
device_94,2026-04-22T05:48:55.275407,56.9
device_95,2026-04-22T06:37:55.275407,58.47
device_95,2026-04-22T06:36:55.275407,49.56
device_95,2026-04-22T06:35:55.275407,49.04
device_95,2026-04-22T06:34:55.275407,58.39
device_95,2026-04-22T06:33:55.275407,50.61
device_95,2026-04-22T06:32:55.275407,54.95
device_95,2026-04-22T06:31:55.275407,52.14
device_95,2026-04-22T06:30:55.275407,52.9
device_95,2026-04-22T06:29:55.275407,61.14
device_95,2026-04-22T06:28:55.275407,59.49
device_95,2026-04-22T06:27:55.275407,55.43
device_95,2026-04-22T06:26:55.275407,49.05
device_95,2026-04-22T06:25:55.275407,48.86
device_95,2026-04-22T06:24:55.275407,58.58
device_95,2026-04-22T06:23:55.275407,53.95
device_95,2026-04-22T06:22:55.275407,56.88
device_95,2026-04-22T06:21:55.275407,56.78
device_95,2026-04-22T06:20:55.275407,56.82
device_95,2026-04-22T06:19:55.275407,53.2
device_95,2026-04-22T06:18:55.275407,56.26
device_95,2026-04-22T06:17:55.275407,51.85
device_95,2026-04-22T06:16:55.275407,57.76
device_95,2026-04-22T06:15:55.275407,51.37
device_95,2026-04-22T06:14:55.275407,53.26
device_95,2026-04-22T06:13:55.275407,57.93
device_95,2026-04-22T06:12:55.275407,58.47
device_95,2026-04-22T06:11:55.275407,48.81
device_95,2026-04-22T06:10:55.275407,59.57
device_95,2026-04-22T06:09:55.275407,48.42
device_95,2026-04-22T06:08:55.275407,56.27
device_95,2026-04-22T06:07:55.275407,62.66
device_95,2026-04-22T06:06:55.275407,58.66
device_95,2026-04-22T06:05:55.275407,62.85
device_95,2026-04-22T06:04:55.275407,64.7
device_95,2026-04-22T06:03:55.275407,63.74
device_95,2026-04-22T06:02:55.275407,54.39
device_95,2026-04-22T06:01:55.275407,47.57
device_95,2026-04-22T06:00:55.275407,48.5
device_95,2026-04-22T05:59:55.275407,56.9
device_95,2026-04-22T05:58:55.275407,50.37
device_95,2026-04-22T05:57:55.275407,56.45
device_95,2026-04-22T05:56:55.275407,61.74
device_95,2026-04-22T05:55:55.275407,49.57
device_95,2026-04-22T05:54:55.275407,55.92
device_95,2026-04-22T05:53:55.275407,50.08
device_95,2026-04-22T05:52:55.275407,61.77
device_95,2026-04-22T05:51:55.275407,55.0
device_95,2026-04-22T05:50:55.275407,59.11
device_95,2026-04-22T05:49:55.275407,54.15
device_95,2026-04-22T05:48:55.275407,51.14
device_96,2026-04-22T06:37:55.275407,53.51
device_96,2026-04-22T06:36:55.275407,54.39
device_96,2026-04-22T06:35:55.275407,54.54
device_96,2026-04-22T06:34:55.275407,57.36
device_96,2026-04-22T06:33:55.275407,47.97
device_96,2026-04-22T06:32:55.275407,47.12
device_96,2026-04-22T06:31:55.275407,58.82
device_96,2026-04-22T06:30:55.275407,51.97
device_96,2026-04-22T06:29:55.275407,57.83
device_96,2026-04-22T06:28:55.275407,59.33
device_96,2026-04-22T06:27:55.275407,53.9
device_96,2026-04-22T06:26:55.275407,59.52
device_96,2026-04-22T06:25:55.275407,55.97
device_96,2026-04-22T06:24:55.275407,50.15
device_96,2026-04-22T06:23:55.275407,48.73
device_96,2026-04-22T06:22:55.275407,51.61
device_96,2026-04-22T06:21:55.275407,57.59
device_96,2026-04-22T06:20:55.275407,56.13
device_96,2026-04-22T06:19:55.275407,59.32
device_96,2026-04-22T06:18:55.275407,53.52
device_96,2026-04-22T06:17:55.275407,54.13
device_96,2026-04-22T06:16:55.275407,49.12
device_96,2026-04-22T06:15:55.275407,52.24
device_96,2026-04-22T06:14:55.275407,51.3
device_96,2026-04-22T06:13:55.275407,55.32
device_96,2026-04-22T06:12:55.275407,56.0
device_96,2026-04-22T06:11:55.275407,54.83
device_96,2026-04-22T06:10:55.275407,56.35
device_96,2026-04-22T06:09:55.275407,58.5
device_96,2026-04-22T06:08:55.275407,53.21
device_96,2026-04-22T06:07:55.275407,57.84
device_96,2026-04-22T06:06:55.275407,55.45
device_96,2026-04-22T06:05:55.275407,57.63
device_96,2026-04-22T06:04:55.275407,54.46
device_96,2026-04-22T06:03:55.275407,53.69
device_96,2026-04-22T06:02:55.275407,53.86
device_96,2026-04-22T06:01:55.275407,54.03
device_96,2026-04-22T06:00:55.275407,60.86
device_96,2026-04-22T05:59:55.275407,63.83
device_96,2026-04-22T05:58:55.275407,54.52
device_96,2026-04-22T05:57:55.275407,54.71
device_96,2026-04-22T05:56:55.275407,56.74
device_96,2026-04-22T05:55:55.275407,62.16
device_96,2026-04-22T05:54:55.275407,51.5
device_96,2026-04-22T05:53:55.275407,49.0
device_96,2026-04-22T05:52:55.275407,50.22
device_96,2026-04-22T05:51:55.275407,56.9
device_96,2026-04-22T05:50:55.275407,54.06
device_96,2026-04-22T05:49:55.275407,50.37
device_96,2026-04-22T05:48:55.275407,59.03
device_97,2026-04-22T06:37:55.275407,54.11
device_97,2026-04-22T06:36:55.275407,60.8
device_97,2026-04-22T06:35:55.275407,60.26
device_97,2026-04-22T06:34:55.275407,49.5
device_97,2026-04-22T06:33:55.275407,54.28
device_97,2026-04-22T06:32:55.275407,62.36
device_97,2026-04-22T06:31:55.275407,54.5
device_97,2026-04-22T06:30:55.275407,58.81
device_97,2026-04-22T06:29:55.275407,60.57
device_97,2026-04-22T06:28:55.275407,56.78
device_97,2026-04-22T06:27:55.275407,55.09
device_97,2026-04-22T06:26:55.275407,56.22
device_97,2026-04-22T06:25:55.275407,52.37
device_97,2026-04-22T06:24:55.275407,61.71
device_97,2026-04-22T06:23:55.275407,57.14
device_97,2026-04-22T06:22:55.275407,63.5
device_97,2026-04-22T06:21:55.275407,61.29
device_97,2026-04-22T06:20:55.275407,60.16
device_97,2026-04-22T06:19:55.275407,48.47
device_97,2026-04-22T06:18:55.275407,52.97
device_97,2026-04-22T06:17:55.275407,48.32
device_97,2026-04-22T06:16:55.275407,54.89
device_97,2026-04-22T06:15:55.275407,48.06
device_97,2026-04-22T06:14:55.275407,54.17
device_97,2026-04-22T06:13:55.275407,52.44
device_97,2026-04-22T06:12:55.275407,50.6
device_97,2026-04-22T06:11:55.275407,53.21
device_97,2026-04-22T06:10:55.275407,58.08
device_97,2026-04-22T06:09:55.275407,55.84
device_97,2026-04-22T06:08:55.275407,55.31
device_97,2026-04-22T06:07:55.275407,54.66
device_97,2026-04-22T06:06:55.275407,58.33
device_97,2026-04-22T06:05:55.275407,56.31
device_97,2026-04-22T06:04:55.275407,60.47
device_97,2026-04-22T06:03:55.275407,51.12
device_97,2026-04-22T06:02:55.275407,50.54
device_97,2026-04-22T06:01:55.275407,48.22
device_97,2026-04-22T06:00:55.275407,54.23
device_97,2026-04-22T05:59:55.275407,47.3
device_97,2026-04-22T05:58:55.275407,58.14
device_97,2026-04-22T05:57:55.275407,52.41
device_97,2026-04-22T05:56:55.275407,53.51
device_97,2026-04-22T05:55:55.275407,50.78
device_97,2026-04-22T05:54:55.275407,57.1
device_97,2026-04-22T05:53:55.275407,50.59
device_97,2026-04-22T05:52:55.275407,57.52
device_97,2026-04-22T05:51:55.275407,63.66
device_97,2026-04-22T05:50:55.275407,54.04
device_97,2026-04-22T05:49:55.275407,59.19
device_97,2026-04-22T05:48:55.275407,57.69
device_98,2026-04-22T06:37:55.275407,52.52
device_98,2026-04-22T06:36:55.275407,55.05
device_98,2026-04-22T06:35:55.275407,58.33
device_98,2026-04-22T06:34:55.275407,54.85
device_98,2026-04-22T06:33:55.275407,59.02
device_98,2026-04-22T06:32:55.275407,56.35
device_98,2026-04-22T06:31:55.275407,58.17
device_98,2026-04-22T06:30:55.275407,56.19
device_98,2026-04-22T06:29:55.275407,52.54
device_98,2026-04-22T06:28:55.275407,58.97
device_98,2026-04-22T06:27:55.275407,52.69
device_98,2026-04-22T06:26:55.275407,45.98
device_98,2026-04-22T06:25:55.275407,63.28
device_98,2026-04-22T06:24:55.275407,50.37
device_98,2026-04-22T06:23:55.275407,61.72
device_98,2026-04-22T06:22:55.275407,61.18
device_98,2026-04-22T06:21:55.275407,56.11
device_98,2026-04-22T06:20:55.275407,55.02
device_98,2026-04-22T06:19:55.275407,56.45
device_98,2026-04-22T06:18:55.275407,57.83
device_98,2026-04-22T06:17:55.275407,62.16
device_98,2026-04-22T06:16:55.275407,52.59
device_98,2026-04-22T06:15:55.275407,53.19
device_98,2026-04-22T06:14:55.275407,53.67
device_98,2026-04-22T06:13:55.275407,55.37
device_98,2026-04-22T06:12:55.275407,51.81
device_98,2026-04-22T06:11:55.275407,55.95
device_98,2026-04-22T06:10:55.275407,49.88
device_98,2026-04-22T06:09:55.275407,54.38
device_98,2026-04-22T06:08:55.275407,47.83
device_98,2026-04-22T06:07:55.275407,55.75
device_98,2026-04-22T06:06:55.275407,46.71
device_98,2026-04-22T06:05:55.275407,55.54
device_98,2026-04-22T06:04:55.275407,52.33
device_98,2026-04-22T06:03:55.275407,59.35
device_98,2026-04-22T06:02:55.275407,46.98
device_98,2026-04-22T06:01:55.275407,53.71
device_98,2026-04-22T06:00:55.275407,59.81
device_98,2026-04-22T05:59:55.275407,61.82
device_98,2026-04-22T05:58:55.275407,56.65
device_98,2026-04-22T05:57:55.275407,53.18
device_98,2026-04-22T05:56:55.275407,59.84
device_98,2026-04-22T05:55:55.275407,57.45
device_98,2026-04-22T05:54:55.275407,54.97
device_98,2026-04-22T05:53:55.275407,50.45
device_98,2026-04-22T05:52:55.275407,49.41
device_98,2026-04-22T05:51:55.275407,59.99
device_98,2026-04-22T05:50:55.275407,55.93
device_98,2026-04-22T05:49:55.275407,51.83
device_98,2026-04-22T05:48:55.275407,61.44
device_99,2026-04-22T06:37:55.275407,59.01
device_99,2026-04-22T06:36:55.275407,54.28
device_99,2026-04-22T06:35:55.275407,57.3
device_99,2026-04-22T06:34:55.275407,49.49
device_99,2026-04-22T06:33:55.275407,53.16
device_99,2026-04-22T06:32:55.275407,60.69
device_99,2026-04-22T06:31:55.275407,48.14
device_99,2026-04-22T06:30:55.275407,59.32
device_99,2026-04-22T06:29:55.275407,63.35
device_99,2026-04-22T06:28:55.275407,61.17
device_99,2026-04-22T06:27:55.275407,52.35
device_99,2026-04-22T06:26:55.275407,52.88
device_99,2026-04-22T06:25:55.275407,61.76
device_99,2026-04-22T06:24:55.275407,48.09
device_99,2026-04-22T06:23:55.275407,47.7
device_99,2026-04-22T06:22:55.275407,52.97
device_99,2026-04-22T06:21:55.275407,58.84
device_99,2026-04-22T06:20:55.275407,57.2
device_99,2026-04-22T06:19:55.275407,55.43
device_99,2026-04-22T06:18:55.275407,55.89
device_99,2026-04-22T06:17:55.275407,60.21
device_99,2026-04-22T06:16:55.275407,56.19
device_99,2026-04-22T06:15:55.275407,47.94
device_99,2026-04-22T06:14:55.275407,54.07
device_99,2026-04-22T06:13:55.275407,55.87
device_99,2026-04-22T06:12:55.275407,54.23
device_99,2026-04-22T06:11:55.275407,54.63
device_99,2026-04-22T06:10:55.275407,59.9
device_99,2026-04-22T06:09:55.275407,57.12
device_99,2026-04-22T06:08:55.275407,51.55
device_99,2026-04-22T06:07:55.275407,53.66
device_99,2026-04-22T06:06:55.275407,57.61
device_99,2026-04-22T06:05:55.275407,53.05
device_99,2026-04-22T06:04:55.275407,57.26
device_99,2026-04-22T06:03:55.275407,50.62
device_99,2026-04-22T06:02:55.275407,48.78
device_99,2026-04-22T06:01:55.275407,64.21
device_99,2026-04-22T06:00:55.275407,53.65
device_99,2026-04-22T05:59:55.275407,52.17
device_99,2026-04-22T05:58:55.275407,56.24
device_99,2026-04-22T05:57:55.275407,48.12
device_99,2026-04-22T05:56:55.275407,54.29
device_99,2026-04-22T05:55:55.275407,58.36
device_99,2026-04-22T05:54:55.275407,48.45
device_99,2026-04-22T05:53:55.275407,51.94
device_99,2026-04-22T05:52:55.275407,48.3
device_99,2026-04-22T05:51:55.275407,53.15
device_99,2026-04-22T05:50:55.275407,57.61
device_99,2026-04-22T05:49:55.275407,59.9
device_99,2026-04-22T05:48:55.275407,56.66
